15000.0,-6.215064439747926e+33,6.190881804511671e+33,-1.2405946244259597e+34
30000.0,-6.215064437432433e+33,6.190886005357798e+33,-1.2405950442790232e+34
45000.0,-6.215064434903469e+33,6.190893005164256e+33,-1.2405957440067725e+34
60000.0,-6.21506443216185e+33,6.190902803156583e+33,-1.2405967235318433e+34
75000.0,-6.215064429208385e+33,6.19091539825081e+33,-1.2405979827459195e+34
90000.0,-6.215064426043916e+33,6.190930789053443e+33,-1.240599521509736e+34
105000.0,-6.215064422669291e+33,6.190948973861461e+33,-1.2406013396530751e+34
120000.0,-6.215064419085366e+33,6.190969950662293e+33,-1.2406034369747659e+34
135000.0,-6.215064415293015e+33,6.190993717133797e+33,-1.2406058132426813e+34
150000.0,-6.21506441129311e+33,6.191020270644246e+33,-1.2406084681937356e+34
165000.0,-6.21506440708654e+33,6.191049608252298e+33,-1.2406114015338838e+34
180000.0,-6.2150644026742e+33,6.191081726706964e+33,-1.2406146129381164e+34
195000.0,-6.21506439805699e+33,6.191116622447594e+33,-1.2406181020504584e+34
210000.0,-6.215064393235816e+33,6.191154291603842e+33,-1.2406218684839658e+34
225000.0,-6.215064388211598e+33,6.19119472999563e+33,-1.2406259118207228e+34
240000.0,-6.215064382985253e+33,6.191237933133124e+33,-1.2406302316118377e+34
255000.0,-6.215064377557702e+33,6.191283896216705e+33,-1.2406348273774407e+34
270000.0,-6.215064371929871e+33,6.191332614136927e+33,-1.2406396986066799e+34
285000.0,-6.215064366102701e+33,6.191384081474505e+33,-1.2406448447577205e+34
300000.0,-6.215064360077112e+33,6.191438292500274e+33,-1.2406502652577386e+34
315000.0,-6.215064353854053e+33,6.191495241175159e+33,-1.2406559595029213e+34
330000.0,-6.215064347434454e+33,6.191554921150166e+33,-1.240661926858462e+34
345000.0,-6.215064340819268e+33,6.191617325766342e+33,-1.240668166658561e+34
360000.0,-6.21506433400943e+33,6.191682448054773e+33,-1.2406746782064203e+34
375000.0,-6.215064327005893e+33,6.191750280736554e+33,-1.2406814607742447e+34
390000.0,-6.2150643198096e+33,6.191820816222796e+33,-1.2406885136032397e+34
405000.0,-6.215064312421504e+33,6.191894046614606e+33,-1.240695835903611e+34
420000.0,-6.215064304842555e+33,6.191969963703099e+33,-1.2407034268545654e+34
435000.0,-6.215064297073707e+33,6.192048558969395e+33,-1.2407112856043102e+34
450000.0,-6.215064289115919e+33,6.192129823584646e+33,-1.2407194112700564e+34
465000.0,-6.215064280970141e+33,6.192213748410051e+33,-1.2407278029380192e+34
480000.0,-6.21506427263734e+33,6.192300323996882e+33,-1.2407364596634222e+34
495000.0,-6.215064264118481e+33,6.192389540586532e+33,-1.2407453804705013e+34
510000.0,-6.215064255414524e+33,6.192481388110562e+33,-1.2407545643525087e+34
525000.0,-6.215064246526436e+33,6.192575856190761e+33,-1.2407640102717197e+34
540000.0,-6.215064237455194e+33,6.192672934139212e+33,-1.2407737171594405e+34
555000.0,-6.215064228201769e+33,6.19277261095838e+33,-1.2407836839160149e+34
570000.0,-6.215064218767142e+33,6.19287487534121e+33,-1.2407939094108352e+34
585000.0,-6.21506420915229e+33,6.192979715671227e+33,-1.2408043924823517e+34
600000.0,-6.215064199358208e+33,6.193087120022664e+33,-1.2408151319380872e+34
615000.0,-6.215064189385883e+33,6.193197076160601e+33,-1.2408261265546484e+34
630000.0,-6.215064179236314e+33,6.193309571541115e+33,-1.2408373750777428e+34
645000.0,-6.215064168910503e+33,6.193424593311453e+33,-1.2408488762221956e+34
660000.0,-6.215064158409461e+33,6.193542128310214e+33,-1.2408606286719675e+34
675000.0,-6.215064147734204e+33,6.193662163067559e+33,-1.2408726310801763e+34
690000.0,-6.215064136885753e+33,6.193784683805437e+33,-1.240884882069119e+34
705000.0,-6.21506412586514e+33,6.193909676437816e+33,-1.2408973802302956e+34
720000.0,-6.215064114673408e+33,6.194037126570959e+33,-1.2409101241244367e+34
735000.0,-6.215064103311587e+33,6.194167019503714e+33,-1.2409231122815301e+34
750000.0,-6.215064091780745e+33,6.1942993402278e+33,-1.2409363432008545e+34
765000.0,-6.215064080081947e+33,6.194434073428159e+33,-1.2409498153510106e+34
780000.0,-6.215064068216263e+33,6.1945712034833e+33,-1.2409635271699564e+34
795000.0,-6.215064056184777e+33,6.194710714465687e+33,-1.2409774770650463e+34
810000.0,-6.21506404398859e+33,6.194852590142134e+33,-1.2409916634130724e+34
825000.0,-6.2150640316288e+33,6.194996813974245e+33,-1.2410060845603045e+34
840000.0,-6.215064019106528e+33,6.195143369118872e+33,-1.24102073882254e+34
855000.0,-6.215064006422907e+33,6.195292238428604e+33,-1.241035624485151e+34
870000.0,-6.215063993579079e+33,6.195443404452281e+33,-1.241050739803136e+34
885000.0,-6.215063980576195e+33,6.195596849435555e+33,-1.241066083001175e+34
900000.0,-6.21506396741543e+33,6.195752555321453e+33,-1.2410816522736883e+34
915000.0,-6.215063954097966e+33,6.19591050375101e+33,-1.2410974457848976e+34
930000.0,-6.215063940624996e+33,6.1960706760639e+33,-1.2411134616688897e+34
945000.0,-6.215063926997746e+33,6.19623305329912e+33,-1.2411296980296866e+34
960000.0,-6.215063913217434e+33,6.196397616195715e+33,-1.241146152941315e+34
975000.0,-6.215063899285309e+33,6.196564345193528e+33,-1.2411628244478837e+34
990000.0,-6.215063885202629e+33,6.196733220433987e+33,-1.2411797105636616e+34
1005000.0,-6.215063870970675e+33,6.19690422176094e+33,-1.2411968092731615e+34
1020000.0,-6.215063856590741e+33,6.19707732872152e+33,-1.241214118531226e+34
1035000.0,-6.215063842064143e+33,6.197252520567074e+33,-1.2412316362631217e+34
1050000.0,-6.215063827392214e+33,6.197429776254085e+33,-1.2412493603646299e+34
1065000.0,-6.215063812576295e+33,6.197609074445199e+33,-1.2412672887021494e+34
1080000.0,-6.215063797617769e+33,6.197790393510243e+33,-1.2412854191128012e+34
1095000.0,-6.21506378251802e+33,6.197973711527325e+33,-1.2413037494045345e+34
1110000.0,-6.21506376727845e+33,6.198159006283964e+33,-1.2413222773562413e+34
1125000.0,-6.215063751900507e+33,6.19834625527826e+33,-1.2413410007178767e+34
1140000.0,-6.21506373638563e+33,6.198535435720133e+33,-1.2413599172105763e+34
1155000.0,-6.215063720735293e+33,6.198726524532604e+33,-1.2413790245267898e+34
1170000.0,-6.215063704950997e+33,6.198919498353109e+33,-1.2413983203304105e+34
1185000.0,-6.215063689034245e+33,6.199114333534894e+33,-1.241417802256914e+34
1200000.0,-6.215063672986592e+33,6.199311006148442e+33,-1.2414374679135033e+34
1215000.0,-6.215063656809589e+33,6.199509491982966e+33,-1.2414573148792555e+34
1230000.0,-6.215063640504826e+33,6.19970976654795e+33,-1.2414773407052776e+34
1245000.0,-6.215063624073914e+33,6.199911805074746e+33,-1.241497542914866e+34
1260000.0,-6.215063607518488e+33,6.200115582518241e+33,-1.241517919003673e+34
1275000.0,-6.21506359084021e+33,6.200321073558565e+33,-1.2415384664398775e+34
1290000.0,-6.215063574040755e+33,6.20052825260287e+33,-1.2415591826643624e+34
1305000.0,-6.215063557121835e+33,6.20073709378717e+33,-1.2415800650909004e+34
1320000.0,-6.215063540085186e+33,6.200947570978235e+33,-1.241601111106342e+34
1335000.0,-6.215063522932568e+33,6.201159657775558e+33,-1.2416223180708126e+34
1350000.0,-6.215063505665773e+33,6.20137332751338e+33,-1.2416436833179153e+34
1365000.0,-6.215063488286598e+33,6.201588553262782e+33,-1.241665204154938e+34
1380000.0,-6.2150634707969e+33,6.201805307833839e+33,-1.241686877863074e+34
1395000.0,-6.215063453198536e+33,6.202023563777851e+33,-1.2417087016976387e+34
1410000.0,-6.215063435493407e+33,6.202243293389633e+33,-1.241730672888304e+34
1425000.0,-6.215063417683435e+33,6.202464468709877e+33,-1.2417527886393312e+34
1440000.0,-6.215063399770565e+33,6.202687061527595e+33,-1.241775046129816e+34
1455000.0,-6.215063381756779e+33,6.202911043382613e+33,-1.2417974425139393e+34
1470000.0,-6.215063363644085e+33,6.203136385568146e+33,-1.2418199749212231e+34
1485000.0,-6.215063345434518e+33,6.203363059133462e+33,-1.241842640456798e+34
1500000.0,-6.215063327130146e+33,6.203591034886589e+33,-1.2418654362016735e+34
1515000.0,-6.215063308733051e+33,6.203820283397142e+33,-1.2418883592130193e+34
1530000.0,-6.215063290245366e+33,6.204050774999161e+33,-1.2419114065244526e+34
1545000.0,-6.215063271669244e+33,6.204282479794098e+33,-1.2419345751463342e+34
1560000.0,-6.215063253006861e+33,6.204515367653829e+33,-1.241957862066069e+34
1575000.0,-6.215063234260433e+33,6.204749408223773e+33,-1.2419812642484206e+34
1590000.0,-6.215063215432197e+33,6.204984570926067e+33,-1.2420047786358264e+34
1605000.0,-6.215063196524417e+33,6.205220824962857e+33,-1.2420284021487274e+34
1620000.0,-6.215063177539404e+33,6.205458139319621e+33,-1.2420521316859024e+34
1635000.0,-6.215063158479492e+33,6.205696482768617e+33,-1.242075964124811e+34
1650000.0,-6.215063139347026e+33,6.205935823872407e+33,-1.2420998963219433e+34
1665000.0,-6.215063120144413e+33,6.206176130987419e+33,-1.2421239251131832e+34
1680000.0,-6.215063100874067e+33,6.206417372267663e+33,-1.242148047314173e+34
1695000.0,-6.215063081538434e+33,6.206659515668477e+33,-1.242172259720691e+34
1710000.0,-6.215063062140003e+33,6.206902528950379e+33,-1.2421965591090382e+34
1725000.0,-6.215063042681284e+33,6.207146379683e+33,-1.2422209422364284e+34
1740000.0,-6.215063023164812e+33,6.207391035249114e+33,-1.2422454058413926e+34
1755000.0,-6.215063003593163e+33,6.207636462848726e+33,-1.2422699466441889e+34
1770000.0,-6.215062983968939e+33,6.20788262950328e+33,-1.242294561347222e+34
1785000.0,-6.215062964294767e+33,6.208129502059933e+33,-1.24231924663547e+34
1800000.0,-6.215062944573306e+33,6.208377047195922e+33,-1.2423439991769229e+34
1815000.0,-6.215062924807249e+33,6.208625231423017e+33,-1.2423688156230266e+34
1830000.0,-6.215062904999309e+33,6.208874021092062e+33,-1.2423936926091372e+34
1845000.0,-6.215062885152244e+33,6.209123382397608e+33,-1.2424186267549852e+34
1860000.0,-6.215062865268819e+33,6.209373281382627e+33,-1.2424436146651446e+34
1875000.0,-6.215062845351844e+33,6.209623683943319e+33,-1.2424686529295163e+34
1890000.0,-6.215062825404154e+33,6.209874555834008e+33,-1.2424937381238162e+34
1905000.0,-6.21506280542861e+33,6.21012586267212e+33,-1.242518866810073e+34
1920000.0,-6.215062785428099e+33,6.210377569943248e+33,-1.2425440355371347e+34
1935000.0,-6.215062765405545e+33,6.210629643006319e+33,-1.2425692408411864e+34
1950000.0,-6.215062745363886e+33,6.210882047098835e+33,-1.242594479246272e+34
1965000.0,-6.215062725306098e+33,6.211134747342201e+33,-1.2426197472648299e+34
1980000.0,-6.215062705235168e+33,6.21138770874715e+33,-1.2426450413982318e+34
1995000.0,-6.215062685154132e+33,6.211640896219244e+33,-1.2426703581373376e+34
2010000.0,-6.215062665066039e+33,6.211894274564469e+33,-1.2426956939630508e+34
2025000.0,-6.215062644973956e+33,6.212147808494914e+33,-1.242721045346887e+34
2040000.0,-6.215062624880991e+33,6.212401462634532e+33,-1.2427464087515523e+34
2055000.0,-6.215062604790261e+33,6.212655201524988e+33,-1.2427717806315249e+34
2070000.0,-6.215062584704922e+33,6.212908989631591e+33,-1.2427971574336513e+34
2085000.0,-6.215062564628142e+33,6.213162791349307e+33,-1.242822535597745e+34
2100000.0,-6.215062544563111e+33,6.213416571008867e+33,-1.2428479115571979e+34
2115000.0,-6.215062524513051e+33,6.21367029288293e+33,-1.2428732817395982e+34
2130000.0,-6.215062504481199e+33,6.213923921192355e+33,-1.2428986425673555e+34
2145000.0,-6.215062484470811e+33,6.21417742011254e+33,-1.242923990458335e+34
2160000.0,-6.215062464485174e+33,6.214430753779829e+33,-1.2429493218265003e+34
2175000.0,-6.215062444527583e+33,6.214683886298026e+33,-1.2429746330825609e+34
2190000.0,-6.215062424601361e+33,6.214936781744951e+33,-1.2429999206346312e+34
2205000.0,-6.215062404709838e+33,6.215189404179102e+33,-1.243025180888894e+34
2220000.0,-6.21506238485638e+33,6.215441717646359e+33,-1.243050410250274e+34
2235000.0,-6.215062365044352e+33,6.215693686186797e+33,-1.243075605123115e+34
2250000.0,-6.215062345277151e+33,6.215945273841533e+33,-1.2431007619118684e+34
2265000.0,-6.215062325558168e+33,6.216196444659679e+33,-1.2431258770217847e+34
2280000.0,-6.215062305890835e+33,6.216447162705322e+33,-1.2431509468596157e+34
2295000.0,-6.215062286278589e+33,6.216697392064608e+33,-1.2431759678343197e+34
2310000.0,-6.215062266724866e+33,6.216947096852874e+33,-1.243200936357774e+34
2325000.0,-6.215062247233129e+33,6.217196241221839e+33,-1.2432258488454968e+34
2340000.0,-6.215062227806855e+33,6.217444789366855e+33,-1.243250701717371e+34
2355000.0,-6.215062208449514e+33,6.217692705534234e+33,-1.2432754913983748e+34
2370000.0,-6.215062189164613e+33,6.21793995402861e+33,-1.2433002143193223e+34
2385000.0,-6.215062169955637e+33,6.218186499220369e+33,-1.2433248669176006e+34
2400000.0,-6.215062150826107e+33,6.218432305553132e+33,-1.243349445637924e+34
2415000.0,-6.215062131779537e+33,6.218677337551273e+33,-1.243373946933081e+34
2430000.0,-6.215062112819441e+33,6.218921559827512e+33,-1.2433983672646953e+34
2445000.0,-6.215062093949351e+33,6.219164937090525e+33,-1.2434227031039876e+34
2460000.0,-6.215062075172801e+33,6.219407434152619e+33,-1.243446950932542e+34
2475000.0,-6.21506205649332e+33,6.219649015937436e+33,-1.2434711072430756e+34
2490000.0,-6.215062037914446e+33,6.219889647487696e+33,-1.2434951685402142e+34
2505000.0,-6.215062019439718e+33,6.220129293972984e+33,-1.2435191313412702e+34
2520000.0,-6.215062001072669e+33,6.220367920697564e+33,-1.2435429921770232e+34
2535000.0,-6.215061982816848e+33,6.220605493108217e+33,-1.2435667475925065e+34
2550000.0,-6.215061964675774e+33,6.220841976802127e+33,-1.24359039414779e+34
2565000.0,-6.215061946652978e+33,6.221077337534763e+33,-1.2436139284187741e+34
2580000.0,-6.215061928752003e+33,6.221311541227801e+33,-1.2436373469979804e+34
2595000.0,-6.215061910976354e+33,6.221544553977073e+33,-1.2436606464953427e+34
2610000.0,-6.215061893329546e+33,6.221776342060507e+33,-1.2436838235390053e+34
2625000.0,-6.215061875815098e+33,6.222006871946097e+33,-1.2437068747761195e+34
2640000.0,-6.215061858436501e+33,6.222236110299884e+33,-1.2437297968736385e+34
2655000.0,-6.215061841197238e+33,6.22246402399393e+33,-1.2437525865191168e+34
2670000.0,-6.215061824100788e+33,6.222690580114308e+33,-1.2437752404215096e+34
2685000.0,-6.215061807150622e+33,6.222915745969082e+33,-1.2437977553119705e+34
2700000.0,-6.215061790350186e+33,6.223139489096297e+33,-1.2438201279446483e+34
2715000.0,-6.215061773702909e+33,6.223361777271948e+33,-1.2438423550974857e+34
2730000.0,-6.215061757212217e+33,6.223582578517942e+33,-1.243864433573016e+34
2745000.0,-6.215061740881517e+33,6.223801861110055e+33,-1.2438863601991573e+34
2760000.0,-6.215061724714187e+33,6.224019593585864e+33,-1.243908131830005e+34
2775000.0,-6.215061708713588e+33,6.22423574475266e+33,-1.243929745346625e+34
2790000.0,-6.215061692883072e+33,6.224450283695335e+33,-1.2439511976578407e+34
2805000.0,-6.215061677225951e+33,6.224663179784247e+33,-1.2439724857010198e+34
2820000.0,-6.215061661745526e+33,6.224874402683045e+33,-1.243993606442857e+34
2835000.0,-6.215061646445075e+33,6.225083922356476e+33,-1.244014556880155e+34
2850000.0,-6.21506163132784e+33,6.225291709078123e+33,-1.2440353340405963e+34
2865000.0,-6.215061616397043e+33,6.22549773343814e+33,-1.2440559349835183e+34
2880000.0,-6.215061601655874e+33,6.225701966350905e+33,-1.2440763568006779e+34
2895000.0,-6.215061587107501e+33,6.225904379062647e+33,-1.2440965966170148e+34
2910000.0,-6.215061572755041e+33,6.226104943159012e+33,-1.2441166515914053e+34
2925000.0,-6.215061558601616e+33,6.226303630572559e+33,-1.2441365189174176e+34
2940000.0,-6.215061544650271e+33,6.226500413590232e+33,-1.2441561958240503e+34
2955000.0,-6.21506153090405e+33,6.226695264860722e+33,-1.2441756795764773e+34
2970000.0,-6.21506151736594e+33,6.226888157401797e+33,-1.2441949674767736e+34
2985000.0,-6.215061504038911e+33,6.227079064607527e+33,-1.2442140568646438e+34
3000000.0,-6.215061490925876e+33,6.227267960255478e+33,-1.2442329451181353e+34
3015000.0,-6.215061478029713e+33,6.227454818513782e+33,-1.2442516296543495e+34
3030000.0,-6.215061465353268e+33,6.227639613948144e+33,-1.2442701079301413e+34
3045000.0,-6.215061452899346e+33,6.227822321528773e+33,-1.244288377442812e+34
3060000.0,-6.215061440670697e+33,6.228002916637201e+33,-1.2443064357307898e+34
3075000.0,-6.215061428670036e+33,6.228181375073015e+33,-1.244324280374305e+34
3090000.0,-6.215061416900024e+33,6.228357673060512e+33,-1.2443419089960537e+34
3105000.0,-6.215061405363286e+33,6.228531787255219e+33,-1.2443593192618505e+34
3120000.0,-6.2150613940624e+33,6.228703694750326e+33,-1.2443765088812725e+34
3135000.0,-6.21506138299988e+33,6.228873373083024e+33,-1.2443934756082904e+34
3150000.0,-6.215061372178206e+33,6.229040800240706e+33,-1.2444102172418912e+34
3165000.0,-6.215061361599805e+33,6.229205954667062e+33,-1.2444267316266867e+34
3180000.0,-6.215061351267053e+33,6.229368815268067e+33,-1.244443016653512e+34
3195000.0,-6.21506134118226e+33,6.229529361417842e+33,-1.2444590702600101e+34
3210000.0,-6.215061331347696e+33,6.229687572964372e+33,-1.2444748904312068e+34
3225000.0,-6.215061321765575e+33,6.229843430235121e+33,-1.2444904752000696e+34
3240000.0,-6.215061312438051e+33,6.229996914042503e+33,-1.2445058226480554e+34
3255000.0,-6.215061303367219e+33,6.230148005689224e+33,-1.2445209309056444e+34
3270000.0,-6.215061294555122e+33,6.23029668697348e+33,-1.2445357981528602e+34
3285000.0,-6.215061286003737e+33,6.230442940194013e+33,-1.244550422619775e+34
3300000.0,-6.215061277715e+33,6.230586748155036e+33,-1.2445648025870036e+34
3315000.0,-6.215061269690756e+33,6.230728094171012e+33,-1.2445789363861767e+34
3330000.0,-6.215061261932818e+33,6.230866962071248e+33,-1.2445928224004067e+34
3345000.0,-6.215061254442913e+33,6.231003336204404e+33,-1.2446064590647318e+34
3360000.0,-6.215061247222729e+33,6.231137201442776e+33,-1.2446198448665504e+34
3375000.0,-6.215061240273871e+33,6.231268543186472e+33,-1.2446329783460344e+34
3390000.0,-6.215061233597885e+33,6.231397347367413e+33,-1.2446458580965298e+34
3405000.0,-6.215061227196257e+33,6.231523600453164e+33,-1.244658482764942e+34
3420000.0,-6.2150612210704e+33,6.231647289450616e+33,-1.2446708510521016e+34
3435000.0,-6.215061215221664e+33,6.231768401909488e+33,-1.2446829617131153e+34
3450000.0,-6.215061209651335e+33,6.231886925925676e+33,-1.2446948135577012e+34
3465000.0,-6.215061204360624e+33,6.232002850144418e+33,-1.2447064054505042e+34
3480000.0,-6.215061199350676e+33,6.232116163763288e+33,-1.2447177363113964e+34
3495000.0,-6.215061194622579e+33,6.232226856535029e+33,-1.2447288051157609e+34
3510000.0,-6.215061190177324e+33,6.232334918770206e+33,-1.244739610894753e+34
3525000.0,-6.215061186015866e+33,6.232440341339659e+33,-1.2447501527355525e+34
3540000.0,-6.215061182139061e+33,6.23254311567682e+33,-1.244760429781588e+34
3555000.0,-6.215061178547712e+33,6.232643233779807e+33,-1.2447704412327519e+34
3570000.0,-6.215061175242542e+33,6.232740688213372e+33,-1.2447801863455914e+34
3585000.0,-6.215061172224205e+33,6.232835472110638e+33,-1.2447896644334843e+34
3600000.0,-6.215061169493291e+33,6.232927579174677e+33,-1.2447988748667969e+34
3615000.0,-6.215061167050304e+33,6.233017003679888e+33,-1.2448078170730191e+34
3630000.0,-6.215061164895678e+33,6.23310374047319e+33,-1.2448164905368868e+34
3645000.0,-6.215061163029795e+33,6.233187784975038e+33,-1.2448248948004833e+34
3660000.0,-6.215061161452932e+33,6.233269133180254e+33,-1.2448330294633186e+34
3675000.0,-6.215061160165313e+33,6.23334778165865e+33,-1.2448408941823963e+34
3690000.0,-6.215061159167091e+33,6.233423727555494e+33,-1.2448484886722585e+34
3705000.0,-6.215061158458337e+33,6.233496968591762e+33,-1.24485581270501e+34
3720000.0,-6.215061158039051e+33,6.233567503064227e+33,-1.2448628661103278e+34
3735000.0,-6.215061157909158e+33,6.233635329845335e+33,-1.2448696487754493e+34
3750000.0,-6.215061158068519e+33,6.233700448382903e+33,-1.2448761606451422e+34
3765000.0,-6.215061158516912e+33,6.233762858699651e+33,-1.2448824017216563e+34
3780000.0,-6.215061159254043e+33,6.233822561392508e+33,-1.244888372064655e+34
3795000.0,-6.215061160279558e+33,6.233879557631762e+33,-1.244894071791132e+34
3810000.0,-6.21506116159301e+33,6.233933849160015e+33,-1.2448995010753025e+34
3825000.0,-6.215061163193896e+33,6.233985438290944e+33,-1.244904660148484e+34
3840000.0,-6.215061165081632e+33,6.234034327907893e+33,-1.2449095492989525e+34
3855000.0,-6.21506116725556e+33,6.234080521462265e+33,-1.2449141688717825e+34
3870000.0,-6.215061169714972e+33,6.234124022971744e+33,-1.2449185192686715e+34
3885000.0,-6.215061172459047e+33,6.23416483701834e+33,-1.2449226009477387e+34
3900000.0,-6.215061175486939e+33,6.234202968746222e+33,-1.244926414423316e+34
3915000.0,-6.215061178797701e+33,6.234238423859424e+33,-1.2449299602657125e+34
3930000.0,-6.215061182390323e+33,6.234271208619316e+33,-1.244933239100964e+34
3945000.0,-6.215061186263735e+33,6.234301329841951e+33,-1.2449362516105686e+34
3960000.0,-6.215061190416779e+33,6.234328794895204e+33,-1.2449389985311984e+34
3975000.0,-6.21506119484825e+33,6.234353611695745e+33,-1.2449414806543995e+34
3990000.0,-6.215061199556856e+33,6.234375788705856e+33,-1.2449436988262712e+34
4005000.0,-6.215061204541251e+33,6.234395334930058e+33,-1.2449456539471308e+34
4020000.0,-6.215061209800018e+33,6.234412259911595e+33,-1.2449473469711614e+34
4035000.0,-6.215061215331669e+33,6.234426573728726e+33,-1.2449487789060395e+34
4050000.0,-6.215061221134655e+33,6.234438286990881e+33,-1.2449499508125536e+34
4065000.0,-6.215061227207359e+33,6.234447410834641e+33,-1.2449508638042e+34
4080000.0,-6.215061233548109e+33,6.234453956919564e+33,-1.2449515190467673e+34
4095000.0,-6.215061240155156e+33,6.234457937423862e+33,-1.2449519177579019e+34
4110000.0,-6.215061247026692e+33,6.234459365039922e+33,-1.2449520612066614e+34
4125000.0,-6.215061254160857e+33,6.23445825296966e+33,-1.2449519507130517e+34
4140000.0,-6.215061261555714e+33,6.234454614919771e+33,-1.2449515876475485e+34
4155000.0,-6.215061269209289e+33,6.234448465096787e+33,-1.2449509734306076e+34
4170000.0,-6.215061277119517e+33,6.234439818202027e+33,-1.2449501095321544e+34
4185000.0,-6.215061285284311e+33,6.234428689426386e+33,-1.2449489974710697e+34
4200000.0,-6.215061293701496e+33,6.234415094445017e+33,-1.2449476388146513e+34
4215000.0,-6.21506130236885e+33,6.234399049411845e+33,-1.2449460351780696e+34
4230000.0,-6.215061311284101e+33,6.234380570953985e+33,-1.2449441882238086e+34
4245000.0,-6.215061320444919e+33,6.234359676166005e+33,-1.2449420996610924e+34
4260000.0,-6.215061329848912e+33,6.234336382604098e+33,-1.244939771245301e+34
4275000.0,-6.215061339493664e+33,6.234310708280104e+33,-1.2449372047773768e+34
4290000.0,-6.21506134937667e+33,6.234282671655443e+33,-1.2449344021032113e+34
4305000.0,-6.215061359495389e+33,6.234252291634914e+33,-1.2449313651130304e+34
4320000.0,-6.215061369847247e+33,6.234219587560397e+33,-1.2449280957407643e+34
4335000.0,-6.2150613804296e+33,6.234184579204445e+33,-1.2449245959634045e+34
4350000.0,-6.215061391239763e+33,6.234147286763779e+33,-1.2449208678003542e+34
4365000.0,-6.215061402275012e+33,6.234107730852677e+33,-1.244916913312769e+34
4380000.0,-6.215061413532571e+33,6.23406593249628e+33,-1.244912734602885e+34
4395000.0,-6.215061425009618e+33,6.234021913123791e+33,-1.244908333813341e+34
4410000.0,-6.215061436703294e+33,6.233975694561598e+33,-1.2449037131264892e+34
4425000.0,-6.215061448610698e+33,6.233927299026314e+33,-1.2448988747637012e+34
4440000.0,-6.215061460728883e+33,6.233876749117724e+33,-1.2448938209846607e+34
4455000.0,-6.215061473054875e+33,6.233824067811675e+33,-1.244888554086655e+34
4470000.0,-6.215061485585641e+33,6.233769278452874e+33,-1.2448830764038515e+34
4485000.0,-6.215061498318132e+33,6.233712404747629e+33,-1.244877390306576e+34
4500000.0,-6.215061511249253e+33,6.233653470756523e+33,-1.2448714982005776e+34
4515000.0,-6.21506152437588e+33,6.233592500887019e+33,-1.24486540252629e+34
4530000.0,-6.215061537694851e+33,6.233529519886021e+33,-1.2448591057580872e+34
4545000.0,-6.215061551202967e+33,6.233464552832358e+33,-1.2448526104035326e+34
4560000.0,-6.215061564897018e+33,6.23339762512925e+33,-1.2448459190026268e+34
4575000.0,-6.215061578773734e+33,6.233328762496691e+33,-1.2448390341270425e+34
4590000.0,-6.215061592829843e+33,6.233257990963827e+33,-1.244831958379367e+34
4605000.0,-6.215061607062043e+33,6.233185336861247e+33,-1.244824694392329e+34
4620000.0,-6.215061621466983e+33,6.233110826813294e+33,-1.2448172448280278e+34
4635000.0,-6.215061636041318e+33,6.233034487730291e+33,-1.2448096123771609e+34
4650000.0,-6.215061650781652e+33,6.232956346800786e+33,-1.2448017997582438e+34
4665000.0,-6.215061665684592e+33,6.232876431483718e+33,-1.244793809716831e+34
4680000.0,-6.215061680746699e+33,6.232794769500622e+33,-1.244785645024732e+34
4695000.0,-6.215061695964536e+33,6.232711388827777e+33,-1.2447773084792313e+34
4710000.0,-6.215061711334634e+33,6.232626317688328e+33,-1.2447688029022962e+34
4725000.0,-6.215061726853509e+33,6.232539584544442e+33,-1.244760131139795e+34
4740000.0,-6.215061742517663e+33,6.232451218089431e+33,-1.2447512960607094e+34
4755000.0,-6.215061758323579e+33,6.23236124723985e+33,-1.244742300556343e+34
4770000.0,-6.215061774267727e+33,6.232269701127632e+33,-1.244733147539536e+34
4785000.0,-6.215061790346568e+33,6.232176609092209e+33,-1.2447238399438777e+34
4800000.0,-6.215061806556551e+33,6.232082000672627e+33,-1.2447143807229178e+34
4815000.0,-6.215061822894105e+33,6.231985905599694e+33,-1.24470477284938e+34
4830000.0,-6.215061839355661e+33,6.231888353788112e+33,-1.2446950193143773e+34
4845000.0,-6.215061855937633e+33,6.231789375328653e+33,-1.2446851231266285e+34
4860000.0,-6.215061872636432e+33,6.231689000480325e+33,-1.2446750873116757e+34
4875000.0,-6.215061889448464e+33,6.231587259662583e+33,-1.2446649149111047e+34
4890000.0,-6.215061906370129e+33,6.231484183447547e+33,-1.2446546089817676e+34
4905000.0,-6.215061923397825e+33,6.231379802552256e+33,-1.2446441725950082e+34
4920000.0,-6.215061940527938e+33,6.231274147830942e+33,-1.244633608835888e+34
4935000.0,-6.215061957756859e+33,6.231167250267351e+33,-1.244622920802421e+34
4950000.0,-6.215061975080983e+33,6.231059140967084e+33,-1.2446121116048067e+34
4965000.0,-6.215061992496684e+33,6.230949851149993e+33,-1.2446011843646677e+34
4980000.0,-6.215062010000373e+33,6.230839412142584e+33,-1.2445901422142956e+34
4995000.0,-6.21506202758843e+33,6.23072785537051e+33,-1.244578988295894e+34
5010000.0,-6.215062045257254e+33,6.230615212351065e+33,-1.244567725760832e+34
5025000.0,-6.215062063003241e+33,6.230501514685756e+33,-1.2445563577688997e+34
5040000.0,-6.215062080822807e+33,6.230386794052903e+33,-1.244544887487571e+34
5055000.0,-6.215062098712351e+33,6.230271082200314e+33,-1.2445333180912665e+34
5070000.0,-6.215062116668292e+33,6.230154410937988e+33,-1.244521652760628e+34
5085000.0,-6.215062134687064e+33,6.230036812130887e+33,-1.244509894681795e+34
5100000.0,-6.215062152765085e+33,6.22991831769178e+33,-1.2444980470456864e+34
5115000.0,-6.215062170898821e+33,6.229798959574112e+33,-1.2444861130472933e+34
5130000.0,-6.215062189084703e+33,6.229678769764988e+33,-1.2444740958849691e+34
5145000.0,-6.215062207319213e+33,6.229557780278148e+33,-1.244461998759736e+34
5160000.0,-6.215062225598814e+33,6.229436023147086e+33,-1.24444982487459e+34
5175000.0,-6.215062243920003e+33,6.229313530418174e+33,-1.2444375774338177e+34
5190000.0,-6.215062262279283e+33,6.229190334143896e+33,-1.244425259642318e+34
5205000.0,-6.215062280673174e+33,6.229066466376122e+33,-1.2444128747049296e+34
5220000.0,-6.215062299098194e+33,6.228941959159486e+33,-1.244400425825768e+34
5235000.0,-6.215062317550905e+33,6.228816844524802e+33,-1.2443879162075707e+34
5250000.0,-6.21506233602787e+33,6.228691154482581e+33,-1.244375349051045e+34
5265000.0,-6.215062354525661e+33,6.228564921016613e+33,-1.2443627275542274e+34
5280000.0,-6.21506237304089e+33,6.228438176077633e+33,-1.2443500549118523e+34
5295000.0,-6.21506239157016e+33,6.22831095157705e+33,-1.244337334314721e+34
5310000.0,-6.215062410110118e+33,6.228183279380773e+33,-1.244324568949089e+34
5325000.0,-6.215062428657415e+33,6.228055191303114e+33,-1.244311761996053e+34
5340000.0,-6.215062447208733e+33,6.227926719100753e+33,-1.2442989166309486e+34
5355000.0,-6.21506246576076e+33,6.227797894466819e+33,-1.244286036022758e+34
5370000.0,-6.21506248431022e+33,6.227668749025016e+33,-1.2442731233335236e+34
5385000.0,-6.215062502853853e+33,6.227539314323873e+33,-1.2442601817177725e+34
5400000.0,-6.215062521388415e+33,6.227409621831032e+33,-1.2442472143219447e+34
5415000.0,-6.215062539910703e+33,6.227279702927665e+33,-1.2442342242838368e+34
5430000.0,-6.215062558417521e+33,6.227149588902952e+33,-1.2442212147320473e+34
5445000.0,-6.215062576905692e+33,6.227019310948646e+33,-1.2442081887854338e+34
5460000.0,-6.215062595372085e+33,6.226888900153732e+33,-1.2441951495525818e+34
5475000.0,-6.215062613813581e+33,6.226758387499164e+33,-1.2441821001312745e+34
5490000.0,-6.215062632227074e+33,6.226627803852708e+33,-1.2441690436079782e+34
5505000.0,-6.215062650609509e+33,6.226497179963836e+33,-1.2441559830573345e+34
5520000.0,-6.215062668957833e+33,6.226366546458751e+33,-1.2441429215416584e+34
5535000.0,-6.21506268726904e+33,6.226235933835465e+33,-1.2441298621104505e+34
5550000.0,-6.215062705540134e+33,6.226105372458985e+33,-1.244116807799912e+34
5565000.0,-6.215062723768153e+33,6.225974892556579e+33,-1.244103761632473e+34
5580000.0,-6.215062741950163e+33,6.225844524213121e+33,-1.2440907266163284e+34
5595000.0,-6.215062760083256e+33,6.225714297366552e+33,-1.2440777057449808e+34
5610000.0,-6.215062778164549e+33,6.225584241803391e+33,-1.244064701996794e+34
5625000.0,-6.215062796191195e+33,6.225454387154365e+33,-1.244051718334556e+34
5640000.0,-6.215062814160367e+33,6.225324762890101e+33,-1.2440387577050467e+34
5655000.0,-6.215062832069264e+33,6.225195398316932e+33,-1.2440258230386195e+34
5670000.0,-6.215062849915125e+33,6.225066322572762e+33,-1.2440129172487887e+34
5685000.0,-6.215062867695209e+33,6.22493756462304e+33,-1.244000043231825e+34
5700000.0,-6.215062885406807e+33,6.224809153256797e+33,-1.2439872038663604e+34
5715000.0,-6.215062903047239e+33,6.224681117082795e+33,-1.2439744020130034e+34
5730000.0,-6.215062920613859e+33,6.224553484525741e+33,-1.24396164051396e+34
5745000.0,-6.215062938104039e+33,6.224426283822589e+33,-1.2439489221926628e+34
5760000.0,-6.215062955515192e+33,6.224299543018937e+33,-1.243936249853413e+34
5775000.0,-6.215062972844753e+33,6.224173289965488e+33,-1.243923626281024e+34
5790000.0,-6.215062990090187e+33,6.224047552314612e+33,-1.24391105424048e+34
5805000.0,-6.215063007249006e+33,6.223922357516983e+33,-1.243898536476599e+34
5820000.0,-6.215063024318725e+33,6.223797732818292e+33,-1.2438860757137017e+34
5835000.0,-6.215063041296903e+33,6.223673705256055e+33,-1.2438736746552958e+34
5850000.0,-6.215063058181132e+33,6.223550301656479e+33,-1.243861335983761e+34
5865000.0,-6.215063074969033e+33,6.223427548631434e+33,-1.2438490623600466e+34
5880000.0,-6.21506309165825e+33,6.223305472575476e+33,-1.2438368564233726e+34
5895000.0,-6.215063108246465e+33,6.223184099662971e+33,-1.2438247207909436e+34
5910000.0,-6.21506312473138e+33,6.223063455845281e+33,-1.2438126580576661e+34
5925000.0,-6.215063141110741e+33,6.222943566848033e+33,-1.2438006707958774e+34
5940000.0,-6.215063157382319e+33,6.222824458168453e+33,-1.2437887615550772e+34
5955000.0,-6.215063173543905e+33,6.222706155072798e+33,-1.2437769328616702e+34
5970000.0,-6.215063189593333e+33,6.222588682593822e+33,-1.2437651872187155e+34
5985000.0,-6.215063205528473e+33,6.222472065528352e+33,-1.2437535271056826e+34
6000000.0,-6.215063221347198e+33,6.22235632843492e+33,-1.2437419549782119e+34
6015000.0,-6.21506323704744e+33,6.222241495631451e+33,-1.2437304732678891e+34
6030000.0,-6.215063252627146e+33,6.222127591193056e+33,-1.2437190843820202e+34
6045000.0,-6.215063268084297e+33,6.222014638949845e+33,-1.2437077907034142e+34
6060000.0,-6.215063283416896e+33,6.221902662484859e+33,-1.2436965945901756e+34
6075000.0,-6.215063298622989e+33,6.221791685132019e+33,-1.2436854983755008e+34
6090000.0,-6.215063313700648e+33,6.221681729974181e+33,-1.243674504367483e+34
6105000.0,-6.215063328647962e+33,6.221572819841224e+33,-1.2436636148489186e+34
6120000.0,-6.215063343463065e+33,6.221464977308225e+33,-1.243652832077129e+34
6135000.0,-6.215063358144112e+33,6.221358224693675e+33,-1.2436421582837788e+34
6150000.0,-6.21506337268929e+33,6.221252584057768e+33,-1.2436315956747058e+34
6165000.0,-6.215063387096814e+33,6.221148077200743e+33,-1.2436211464297557e+34
6180000.0,-6.215063401364926e+33,6.221044725661301e+33,-1.2436108127026227e+34
6195000.0,-6.215063415491905e+33,6.22094255071505e+33,-1.2436005966206955e+34
6210000.0,-6.215063429476044e+33,6.220841573373026e+33,-1.243590500284907e+34
6225000.0,-6.21506344331568e+33,6.220741814380277e+33,-1.2435805257695957e+34
6240000.0,-6.215063457009167e+33,6.220643294214468e+33,-1.2435706751223635e+34
6255000.0,-6.215063470554893e+33,6.220546033084576e+33,-1.2435609503639469e+34
6270000.0,-6.21506348395127e+33,6.220450050929617e+33,-1.2435513534880887e+34
6285000.0,-6.215063497196741e+33,6.220355367417421e+33,-1.2435418864614163e+34
6300000.0,-6.215063510289777e+33,6.220262001943468e+33,-1.2435325512233245e+34
6315000.0,-6.215063523228879e+33,6.220169973629756e+33,-1.2435233496858634e+34
6330000.0,-6.215063536012567e+33,6.220079301323743e+33,-1.243514283733631e+34
6345000.0,-6.215063548639388e+33,6.219990003597302e+33,-1.243505355223669e+34
6360000.0,-6.215063561107928e+33,6.219902098745746e+33,-1.2434965659853674e+34
6375000.0,-6.215063573416788e+33,6.219815604786879e+33,-1.2434879178203667e+34
6390000.0,-6.2150635855646e+33,6.21973053946011e+33,-1.243479412502471e+34
6405000.0,-6.215063597550022e+33,6.219646920225578e+33,-1.24347105177756e+34
6420000.0,-6.215063609371739e+33,6.219564764263358e+33,-1.2434628373635098e+34
6435000.0,-6.215063621028463e+33,6.219484088472664e+33,-1.2434547709501127e+34
6450000.0,-6.215063632518925e+33,6.219404909471125e+33,-1.243446854199005e+34
6465000.0,-6.215063643841892e+33,6.219327243594068e+33,-1.243439088743596e+34
6480000.0,-6.21506365499615e+33,6.219251106893861e+33,-1.243431476189001e+34
6495000.0,-6.215063665980503e+33,6.219176515139288e+33,-1.2434240181119791e+34
6510000.0,-6.215063676793804e+33,6.219103483814932e+33,-1.2434167160608736e+34
6525000.0,-6.215063687434901e+33,6.219032028120628e+33,-1.243409571555553e+34
6540000.0,-6.215063697902691e+33,6.218962162970924e+33,-1.2434025860873615e+34
6555000.0,-6.215063708196076e+33,6.218893902994577e+33,-1.2433957611190654e+34
6570000.0,-6.215063718313989e+33,6.218827262534082e+33,-1.243389098084807e+34
6585000.0,-6.215063728255401e+33,6.218762255645224e+33,-1.2433825983900625e+34
6600000.0,-6.215063738019286e+33,6.21869889609667e+33,-1.2433762634115956e+34
6615000.0,-6.215063747604664e+33,6.218637197369571e+33,-1.2433700944974235e+34
6630000.0,-6.215063757010549e+33,6.218577172657206e+33,-1.2433640929667755e+34
6645000.0,-6.215063766236e+33,6.218518834864635e+33,-1.2433582601100635e+34
6660000.0,-6.215063775280094e+33,6.218462196608386e+33,-1.243352597188848e+34
6675000.0,-6.215063784141934e+33,6.218407270216164e+33,-1.2433471054358098e+34
6690000.0,-6.215063792820638e+33,6.218354067726583e+33,-1.2433417860547221e+34
6705000.0,-6.215063801315351e+33,6.218302600888912e+33,-1.2433366402204263e+34
6720000.0,-6.215063809625242e+33,6.218252881162846e+33,-1.2433316690788088e+34
6735000.0,-6.215063817749494e+33,6.218204919718302e+33,-1.2433268737467797e+34
6750000.0,-6.215063825687328e+33,6.218158727435219e+33,-1.2433222553122547e+34
6765000.0,-6.215063833437976e+33,6.218114314903389e+33,-1.2433178148341366e+34
6780000.0,-6.215063841000683e+33,6.218071692422306e+33,-1.2433135533422988e+34
6795000.0,-6.21506384837473e+33,6.218030870001011e+33,-1.2433094718375742e+34
6810000.0,-6.215063855559419e+33,6.217991857357981e+33,-1.24330557129174e+34
6825000.0,-6.21506386255406e+33,6.217954663921007e+33,-1.2433018526475067e+34
6840000.0,-6.215063869357995e+33,6.217919298827102e+33,-1.2432983168185098e+34
6855000.0,-6.215063875970587e+33,6.217885770922419e+33,-1.2432949646893006e+34
6870000.0,-6.215063882391211e+33,6.217854088762169e+33,-1.243291797115338e+34
6885000.0,-6.21506388861928e+33,6.21782426061057e+33,-1.243288814922985e+34
6900000.0,-6.215063894654203e+33,6.217796294440796e+33,-1.2432860189095e+34
6915000.0,-6.215063900495428e+33,6.217770197934928e+33,-1.2432834098430356e+34
6930000.0,-6.215063906142411e+33,6.217745978483941e+33,-1.2432809884626352e+34
6945000.0,-6.215063911594639e+33,6.217723643187666e+33,-1.2432787554782305e+34
6960000.0,-6.215063916851613e+33,6.217703198854784e+33,-1.2432767115706397e+34
6975000.0,-6.215063921912858e+33,6.217684652002825e+33,-1.2432748573915682e+34
6990000.0,-6.2150639267779e+33,6.217668008858166e+33,-1.2432731935636065e+34
7005000.0,-6.215063931446308e+33,6.217653275356037e+33,-1.2432717206802345e+34
7020000.0,-6.215063935917665e+33,6.217640457140537e+33,-1.2432704393058202e+34
7035000.0,-6.215063940191561e+33,6.21762955956466e+33,-1.2432693499756222e+34
7050000.0,-6.215063944267618e+33,6.217620587690317e+33,-1.2432684531957935e+34
7065000.0,-6.215063948145473e+33,6.217613546288355e+33,-1.2432677494433829e+34
7080000.0,-6.215063951824776e+33,6.217608439838612e+33,-1.2432672391663388e+34
7095000.0,-6.2150639553052e+33,6.217605272529937e+33,-1.2432669227835138e+34
7110000.0,-6.215063958586441e+33,6.217604048260242e+33,-1.2432668006846683e+34
7125000.0,-6.215063961668215e+33,6.21760477063653e+33,-1.2432668732304746e+34
7140000.0,-6.215063964550237e+33,6.217607442974969e+33,-1.2432671407525206e+34
7155000.0,-6.215063967232264e+33,6.217612068300905e+33,-1.2432676035533169e+34
7170000.0,-6.21506396971406e+33,6.217618649348941e+33,-1.2432682619063002e+34
7185000.0,-6.215063971995403e+33,6.217627188562977e+33,-1.243269116055838e+34
7200000.0,-6.215063974076105e+33,6.21763768809626e+33,-1.2432701662172365e+34
7215000.0,-6.215063975955974e+33,6.217650149811441e+33,-1.2432714125767415e+34
7230000.0,-6.215063977634858e+33,6.217664575280629e+33,-1.2432728552915487e+34
7245000.0,-6.215063979112608e+33,6.217680965785445e+33,-1.2432744944898053e+34
7260000.0,-6.215063980389095e+33,6.217699322317077e+33,-1.2432763302706173e+34
7275000.0,-6.215063981464215e+33,6.217719645576336e+33,-1.243278362704055e+34
7290000.0,-6.215063982337876e+33,6.217741935973704e+33,-1.243280591831158e+34
7305000.0,-6.21506398301e+33,6.217766193629393e+33,-1.2432830176639393e+34
7320000.0,-6.215063983480539e+33,6.2177924183734e+33,-1.243285640185394e+34
7335000.0,-6.215063983749445e+33,6.217820609745555e+33,-1.2432884593495e+34
7350000.0,-6.21506398381671e+33,6.217850766995576e+33,-1.2432914750812286e+34
7365000.0,-6.215063983682323e+33,6.21788288908312e+33,-1.2432946872765444e+34
7380000.0,-6.215063983346301e+33,6.217916974677827e+33,-1.2432980958024128e+34
7395000.0,-6.215063982808678e+33,6.21795302215938e+33,-1.2433017004968057e+34
7410000.0,-6.2150639820695e+33,6.217991029617547e+33,-1.2433055011687047e+34
7425000.0,-6.21506398112884e+33,6.218030994852229e+33,-1.2433094975981068e+34
7440000.0,-6.215063979986781e+33,6.218072915373503e+33,-1.2433136895360284e+34
7455000.0,-6.215063978643426e+33,6.218116788401678e+33,-1.2433180767045104e+34
7470000.0,-6.215063977098897e+33,6.218162610867326e+33,-1.2433226587966223e+34
7485000.0,-6.215063975353327e+33,6.21821037941134e+33,-1.2433274354764667e+34
7500000.0,-6.215063973406877e+33,6.218260090384964e+33,-1.2433324063791841e+34
7515000.0,-6.21506397125972e+33,6.218311739849846e+33,-1.2433375711109566e+34
7530000.0,-6.21506396891205e+33,6.218365323578078e+33,-1.2433429292490128e+34
7545000.0,-6.215063966364065e+33,6.218420837052235e+33,-1.24334848034163e+34
7560000.0,-6.215063963616005e+33,6.218478275465426e+33,-1.243354223908143e+34
7575000.0,-6.215063960668106e+33,6.218537633721325e+33,-1.243360159438943e+34
7590000.0,-6.21506395752064e+33,6.218598906434219e+33,-1.243366286395486e+34
7605000.0,-6.215063954173874e+33,6.218662087929059e+33,-1.2433726042102933e+34
7620000.0,-6.215063950628119e+33,6.218727172241495e+33,-1.2433791122869614e+34
7635000.0,-6.215063946883685e+33,6.218794153117925e+33,-1.243385810000161e+34
7650000.0,-6.215063942940908e+33,6.21886302401555e+33,-1.2433926966956457e+34
7665000.0,-6.215063938800149e+33,6.218933778102404e+33,-1.2433997716902553e+34
7680000.0,-6.215063934461767e+33,6.219006408257435e+33,-1.2434070342719202e+34
7695000.0,-6.215063929926163e+33,6.21908090707053e+33,-1.2434144836996693e+34
7710000.0,-6.215063925193734e+33,6.219157266842592e+33,-1.2434221192036325e+34
7725000.0,-6.215063920264917e+33,6.219235479585596e+33,-1.2434299399850513e+34
7740000.0,-6.215063915140155e+33,6.219315537022643e+33,-1.2434379452162798e+34
7755000.0,-6.215063909819909e+33,6.219397430588053e+33,-1.2434461340407962e+34
7770000.0,-6.215063904304666e+33,6.219481151427406e+33,-1.2434545055732072e+34
7785000.0,-6.215063898594925e+33,6.21956669039765e+33,-1.2434630588992575e+34
7800000.0,-6.215063892691214e+33,6.219654038067171e+33,-1.2434717930758385e+34
7815000.0,-6.215063886594068e+33,6.219743184715886e+33,-1.2434807071309954e+34
7830000.0,-6.215063880304052e+33,6.21983412033534e+33,-1.2434898000639393e+34
7845000.0,-6.215063873821738e+33,6.219926834628818e+33,-1.2434990708450556e+34
7860000.0,-6.215063867147734e+33,6.220021317011444e+33,-1.2435085184159178e+34
7875000.0,-6.21506386028265e+33,6.220117556610321e+33,-1.243518141689297e+34
7890000.0,-6.215063853227135e+33,6.22021554226464e+33,-1.2435279395491775e+34
7905000.0,-6.215063845981837e+33,6.220315262525841e+33,-1.2435379108507678e+34
7920000.0,-6.21506383854744e+33,6.22041670565775e+33,-1.243548054420519e+34
7935000.0,-6.215063830924647e+33,6.220519859636749e+33,-1.2435583690561396e+34
7950000.0,-6.21506382311417e+33,6.220624712151941e+33,-1.243568853526611e+34
7965000.0,-6.215063815116762e+33,6.220731250605347e+33,-1.243579506572211e+34
7980000.0,-6.215063806933172e+33,6.220839462112099e+33,-1.2435903269045272e+34
7995000.0,-6.215063798564184e+33,6.220949333500661e+33,-1.2436013132064845e+34
8010000.0,-6.215063790010605e+33,6.221060851313039e+33,-1.2436124641323645e+34
8025000.0,-6.215063781273262e+33,6.221174001805043e+33,-1.2436237783078306e+34
8040000.0,-6.215063772352992e+33,6.22128877094655e+33,-1.2436352543299543e+34
8055000.0,-6.215063763250673e+33,6.221405144421759e+33,-1.2436468907672433e+34
8070000.0,-6.215063753967186e+33,6.221523107629513e+33,-1.24365868615967e+34
8085000.0,-6.215063744503443e+33,6.22164264568359e+33,-1.2436706390187034e+34
8100000.0,-6.21506373486038e+33,6.221763743413054e+33,-1.2436827478273434e+34
8115000.0,-6.21506372503895e+33,6.221886385362598e+33,-1.2436950110401548e+34
8130000.0,-6.215063715040137e+33,6.222010555792928e+33,-1.2437074270833065e+34
8145000.0,-6.215063704864932e+33,6.222136238681154e+33,-1.2437199943546086e+34
8160000.0,-6.215063694514368e+33,6.222263417721217e+33,-1.2437327112235586e+34
8175000.0,-6.215063683989483e+33,6.222392076324335e+33,-1.2437455760313818e+34
8190000.0,-6.215063673291356e+33,6.222522197619461e+33,-1.2437585870910817e+34
8205000.0,-6.215063662421071e+33,6.222653764453801e+33,-1.2437717426874873e+34
8220000.0,-6.215063651379747e+33,6.222786759393319e+33,-1.2437850410773067e+34
8235000.0,-6.215063640168525e+33,6.222921164723305e+33,-1.243798480489183e+34
8250000.0,-6.215063628788569e+33,6.223056962448937e+33,-1.2438120591237505e+34
8265000.0,-6.215063617241073e+33,6.223194134295905e+33,-1.2438257751536978e+34
8280000.0,-6.215063605527245e+33,6.223332661711056e+33,-1.24383962672383e+34
8295000.0,-6.215063593648318e+33,6.223472525863058e+33,-1.2438536119511376e+34
8310000.0,-6.21506358160556e+33,6.223613707643116e+33,-1.2438677289248676e+34
8325000.0,-6.215063569400258e+33,6.223756187665706e+33,-1.2438819757065964e+34
8340000.0,-6.215063557033719e+33,6.223899946269358e+33,-1.2438963503303077e+34
8355000.0,-6.215063544507283e+33,6.224044963517466e+33,-1.243910850802475e+34
8370000.0,-6.215063531822313e+33,6.224191219199138e+33,-1.2439254751021451e+34
8385000.0,-6.215063518980198e+33,6.224338692830094e+33,-1.2439402211810292e+34
8400000.0,-6.215063505982349e+33,6.22448736365358e+33,-1.2439550869635929e+34
8415000.0,-6.21506349283021e+33,6.224637210641349e+33,-1.243970070347156e+34
8430000.0,-6.215063479525237e+33,6.224788212494671e+33,-1.2439851692019908e+34
8445000.0,-6.215063466068939e+33,6.22494034764538e+33,-1.244000381371432e+34
8460000.0,-6.215063452462823e+33,6.225093594256985e+33,-1.2440157046719808e+34
8475000.0,-6.215063438708438e+33,6.225247930225799e+33,-1.2440311368934238e+34
8490000.0,-6.215063424807362e+33,6.225403333182142e+33,-1.2440466757989504e+34
8505000.0,-6.215063410761188e+33,6.225559780491575e+33,-1.2440623191252763e+34
8520000.0,-6.215063396571546e+33,6.22571724925618e+33,-1.2440780645827726e+34
8535000.0,-6.215063382240085e+33,6.225875716315902e+33,-1.2440939098555988e+34
8550000.0,-6.215063367768495e+33,6.226035158249936e+33,-1.244109852601843e+34
8565000.0,-6.215063353158488e+33,6.22619555137816e+33,-1.2441258904536647e+34
8580000.0,-6.215063338411789e+33,6.226356871762638e+33,-1.2441420210174427e+34
8595000.0,-6.215063323530176e+33,6.226519095209151e+33,-1.2441582418739327e+34
8610000.0,-6.21506330851544e+33,6.226682197268812e+33,-1.2441745505784252e+34
8625000.0,-6.215063293369402e+33,6.226846153239722e+33,-1.2441909446609124e+34
8640000.0,-6.215063278093908e+33,6.227010938168679e+33,-1.2442074216262588e+34
8655000.0,-6.215063262690844e+33,6.22717652685296e+33,-1.2442239789543804e+34
8670000.0,-6.215063247162115e+33,6.227342893842152e+33,-1.2442406141004267e+34
8685000.0,-6.215063231509663e+33,6.227510013440049e+33,-1.2442573244949712e+34
8700000.0,-6.215063215735452e+33,6.227677859706607e+33,-1.244274107544206e+34
8715000.0,-6.215063199841473e+33,6.227846406459977e+33,-1.244290960630145e+34
8730000.0,-6.215063183829758e+33,6.228015627278573e+33,-1.244307881110833e+34
8745000.0,-6.215063167702349e+33,6.228185495503237e+33,-1.2443248663205586e+34
8760000.0,-6.215063151461344e+33,6.228355984239446e+33,-1.244341913570079e+34
8775000.0,-6.215063135108847e+33,6.22852706635961e+33,-1.2443590201468458e+34
8790000.0,-6.215063118646997e+33,6.228698714505412e+33,-1.244376183315241e+34
8805000.0,-6.215063102077971e+33,6.228870901090236e+33,-1.2443934003168207e+34
8820000.0,-6.215063085403976e+33,6.229043598301664e+33,-1.244410668370564e+34
8835000.0,-6.215063068627238e+33,6.229216778104038e+33,-1.2444279846731276e+34
8850000.0,-6.215063051750015e+33,6.229390412241104e+33,-1.244445346399112e+34
8865000.0,-6.215063034774603e+33,6.229564472238707e+33,-1.244462750701331e+34
8880000.0,-6.21506301770332e+33,6.229738929407595e+33,-1.2444801947110915e+34
8895000.0,-6.215063000538522e+33,6.229913754846269e+33,-1.2444976755384791e+34
8910000.0,-6.21506298328259e+33,6.230088919443932e+33,-1.2445151902726523e+34
8925000.0,-6.215062965937929e+33,6.230264393883484e+33,-1.2445327359821412e+34
8940000.0,-6.215062948506977e+33,6.230440148644634e+33,-1.244550309715161e+34
8955000.0,-6.215062930992216e+33,6.230616154007055e+33,-1.2445679084999271e+34
8970000.0,-6.215062913396144e+33,6.230792380053653e+33,-1.2445855293449797e+34
8985000.0,-6.21506289572129e+33,6.230968796673878e+33,-1.2446031692395167e+34
9000000.0,-6.215062877970221e+33,6.231145373567142e+33,-1.2446208251537362e+34
9015000.0,-6.215062860145511e+33,6.23132208024633e+33,-1.2446384940391841e+34
9030000.0,-6.215062842249799e+33,6.231498886041344e+33,-1.2446561728291143e+34
9045000.0,-6.215062824285717e+33,6.231675760102792e+33,-1.2446738584388508e+34
9060000.0,-6.215062806255965e+33,6.23185267140571e+33,-1.2446915477661674e+34
9075000.0,-6.215062788163234e+33,6.232029588753397e+33,-1.244709237691663e+34
9090000.0,-6.215062770010267e+33,6.232206480781328e+33,-1.2447269250791596e+34
9105000.0,-6.21506275179983e+33,6.232383315961142e+33,-1.2447446067760972e+34
9120000.0,-6.215062733534726e+33,6.232560062604735e+33,-1.244762279613946e+34
9135000.0,-6.215062715217771e+33,6.232736688868415e+33,-1.2447799404086186e+34
9150000.0,-6.215062696851823e+33,6.232913162757168e+33,-1.244797585960899e+34
9165000.0,-6.215062678439762e+33,6.233089452128989e+33,-1.244815213056875e+34
9180000.0,-6.215062659984502e+33,6.233265524699315e+33,-1.2448328184683817e+34
9195000.0,-6.215062641488972e+33,6.23344134804554e+33,-1.2448503989534512e+34
9210000.0,-6.215062622956145e+33,6.233616889611612e+33,-1.2448679512567757e+34
9225000.0,-6.215062604389014e+33,6.233792116712724e+33,-1.2448854721101738e+34
9240000.0,-6.215062585790594e+33,6.233966996540097e+33,-1.2449029582330691e+34
9255000.0,-6.215062567163933e+33,6.234141496165831e+33,-1.2449204063329765e+34
9270000.0,-6.215062548512111e+33,6.234315582547865e+33,-1.2449378131059976e+34
9285000.0,-6.21506252983822e+33,6.234489222535019e+33,-1.244955175237324e+34
9300000.0,-6.21506251114539e+33,6.234662382872113e+33,-1.2449724894017502e+34
9315000.0,-6.215062492436772e+33,6.234835030205174e+33,-1.2449897522641946e+34
9330000.0,-6.215062473715538e+33,6.235007131086755e+33,-1.2450069604802294e+34
9345000.0,-6.21506245498489e+33,6.235178651981305e+33,-1.2450241106966195e+34
9360000.0,-6.215062436248058e+33,6.235349559270641e+33,-1.2450411995518699e+34
9375000.0,-6.215062417508283e+33,6.235519819259515e+33,-1.2450582236767798e+34
9390000.0,-6.215062398768837e+33,6.23568939818125e+33,-1.2450751796950087e+34
9405000.0,-6.215062380033013e+33,6.235858262203468e+33,-1.2450920642236481e+34
9420000.0,-6.21506236130414e+33,6.2360263774339e+33,-1.245108873873804e+34
9435000.0,-6.215062342585544e+33,6.236193709926284e+33,-1.2451256052511828e+34
9450000.0,-6.215062323880581e+33,6.236360225686343e+33,-1.2451422549566924e+34
9465000.0,-6.215062305192645e+33,6.236525890677836e+33,-1.245158819587048e+34
9480000.0,-6.21506228652512e+33,6.236690670828704e+33,-1.2451752957353823e+34
9495000.0,-6.215062267881438e+33,6.236854532037292e+33,-1.245191679991873e+34
9510000.0,-6.215062249265032e+33,6.237017440178638e+33,-1.245207968944367e+34
9525000.0,-6.215062230679357e+33,6.237179361110859e+33,-1.2452241591790215e+34
9540000.0,-6.215062212127886e+33,6.237340260681596e+33,-1.2452402472809482e+34
9555000.0,-6.215062193614105e+33,6.237500104734556e+33,-1.2452562298348661e+34
9570000.0,-6.21506217514153e+33,6.237658859116095e+33,-1.2452721034257625e+34
9585000.0,-6.215062156713669e+33,6.237816489681915e+33,-1.2452878646395584e+34
9600000.0,-6.215062138334063e+33,6.237972962303794e+33,-1.2453035100637858e+34
9615000.0,-6.215062120006266e+33,6.238128242876412e+33,-1.2453190362882679e+34
9630000.0,-6.215062101733829e+33,6.238282297324247e+33,-1.2453344399058076e+34
9645000.0,-6.215062083520329e+33,6.238435091608513e+33,-1.2453497175128842e+34
9660000.0,-6.215062065369355e+33,6.238586591734177e+33,-1.2453648657103533e+34
9675000.0,-6.215062047284498e+33,6.238736763757063e+33,-1.245379881104156e+34
9690000.0,-6.215062029269361e+33,6.238885573790973e+33,-1.2453947603060334e+34
9705000.0,-6.215062011327558e+33,6.239032988014904e+33,-1.2454094999342463e+34
9720000.0,-6.215061993462711e+33,6.239178972680309e+33,-1.245424096614302e+34
9735000.0,-6.215061975678438e+33,6.239323494118415e+33,-1.2454385469796853e+34
9750000.0,-6.215061957978385e+33,6.239466518747588e+33,-1.2454528476725973e+34
9765000.0,-6.215061940366183e+33,6.239608013080772e+33,-1.2454669953446955e+34
9780000.0,-6.215061922845471e+33,6.23974794373295e+33,-1.2454809866578421e+34
9795000.0,-6.2150619054199e+33,6.239886277428672e+33,-1.2454948182848572e+34
9810000.0,-6.215061888093107e+33,6.240022981009624e+33,-1.245508486910273e+34
9825000.0,-6.215061870868746e+33,6.240158021442227e+33,-1.2455219892310973e+34
9840000.0,-6.215061853750459e+33,6.240291365825303e+33,-1.2455353219575761e+34
9855000.0,-6.215061836741894e+33,6.240422981397743e+33,-1.2455484818139637e+34
9870000.0,-6.21506181984669e+33,6.240552835546245e+33,-1.2455614655392935e+34
9885000.0,-6.215061803068485e+33,6.240680895813064e+33,-1.2455742698881548e+34
9900000.0,-6.215061786410932e+33,6.240807129903792e+33,-1.2455868916314724e+34
9915000.0,-6.215061769877637e+33,6.240931505695182e+33,-1.245599327557282e+34
9930000.0,-6.215061753472237e+33,6.241053991242969e+33,-1.2456115744715205e+34
9945000.0,-6.21506173719834e+33,6.241174554789744e+33,-1.2456236291988084e+34
9960000.0,-6.215061721059553e+33,6.241293164772819e+33,-1.2456354885832372e+34
9975000.0,-6.21506170505947e+33,6.241409789832119e+33,-1.245647149489159e+34
9990000.0,-6.215061689201688e+33,6.241524398818089e+33,-1.2456586088019776e+34
10005000.0,-6.215061673489769e+33,6.241636960799611e+33,-1.245669863428938e+34
10020000.0,-6.21506165792727e+33,6.24174744507192e+33,-1.245680910299919e+34
10035000.0,-6.215061642517749e+33,6.241855821164526e+33,-1.2456917463682275e+34
10050000.0,-6.215061627264722e+33,6.241962058849135e+33,-1.2457023686113857e+34
10065000.0,-6.215061612171705e+33,6.242066128147574e+33,-1.245712774031928e+34
10080000.0,-6.21506159724219e+33,6.242167999339696e+33,-1.2457229596581886e+34
10095000.0,-6.215061582479656e+33,6.242267642971295e+33,-1.2457329225450951e+34
10110000.0,-6.215061567887553e+33,6.242365029861974e+33,-1.2457426597749526e+34
10125000.0,-6.215061553469318e+33,6.242460131113032e+33,-1.245752168458235e+34
10140000.0,-6.215061539228356e+33,6.242552918115312e+33,-1.2457614457343667e+34
10155000.0,-6.215061525168051e+33,6.242643362557025e+33,-1.2457704887725076e+34
10170000.0,-6.215061511291772e+33,6.242731436431556e+33,-1.2457792947723327e+34
10185000.0,-6.215061497602836e+33,6.242817112045217e+33,-1.2457878609648053e+34
10200000.0,-6.215061484104565e+33,6.242900362024998e+33,-1.2457961846129563e+34
10215000.0,-6.215061470800226e+33,6.242981159326252e+33,-1.2458042630126478e+34
10230000.0,-6.215061457693079e+33,6.243059477240348e+33,-1.2458120934933427e+34
10245000.0,-6.21506144478632e+33,6.24313528940229e+33,-1.245819673418861e+34
10260000.0,-6.215061432083146e+33,6.243208569798251e+33,-1.2458270001881397e+34
10275000.0,-6.2150614195867e+33,6.2432792927731e+33,-1.24583407123598e+34
10290000.0,-6.215061407300099e+33,6.243347433037849e+33,-1.2458408840337948e+34
10305000.0,-6.215061395226421e+33,6.243412965677025e+33,-1.2458474360903446e+34
10320000.0,-6.215061383368705e+33,6.243475866156005e+33,-1.245853724952471e+34
10335000.0,-6.215061371729955e+33,6.243536110328274e+33,-1.245859748205823e+34
10350000.0,-6.215061360313135e+33,6.243593674442597e+33,-1.2458655034755732e+34
10365000.0,-6.215061349121157e+33,6.243648535150149e+33,-1.2458709884271306e+34
10380000.0,-6.215061338156913e+33,6.243700669511518e+33,-1.245876200766843e+34
10395000.0,-6.215061327423231e+33,6.243750055003671e+33,-1.2458811382426902e+34
10410000.0,-6.215061316922906e+33,6.243796669526815e+33,-1.245885798644972e+34
10425000.0,-6.215061306658685e+33,6.243840491411153e+33,-1.2458901798069837e+34
10440000.0,-6.215061296633264e+33,6.24388149942358e+33,-1.2458942796056844e+34
10455000.0,-6.2150612868493e+33,6.24391967277425e+33,-1.245898095962355e+34
10470000.0,-6.215061277309389e+33,6.243954991123059e+33,-1.2459016268432448e+34
10485000.0,-6.215061268016095e+33,6.243987434586026e+33,-1.245904870260212e+34
10500000.0,-6.215061258971904e+33,6.244016983741552e+33,-1.2459078242713456e+34
10515000.0,-6.215061250179277e+33,6.244043619636577e+33,-1.2459104869815855e+34
10530000.0,-6.215061241640609e+33,6.244067323792629e+33,-1.2459128565433238e+34
10545000.0,-6.21506123335824e+33,6.244088078211734e+33,-1.2459149311569974e+34
10560000.0,-6.21506122533445e+33,6.244105865382235e+33,-1.2459167090716686e+34
10575000.0,-6.215061217571475e+33,6.244120668284452e+33,-1.2459181885855927e+34
10590000.0,-6.215061210071495e+33,6.244132470396237e+33,-1.2459193680467732e+34
10605000.0,-6.215061202836614e+33,6.2441412556984e+33,-1.2459202458535014e+34
10620000.0,-6.215061195868885e+33,6.244147008679984e+33,-1.245920820454887e+34
10635000.0,-6.215061189170317e+33,6.244149714343401e+33,-1.2459210903513718e+34
10650000.0,-6.215061182742824e+33,6.244149358209468e+33,-1.2459210540952293e+34
10665000.0,-6.215061176588293e+33,6.244145926322233e+33,-1.2459207102910526e+34
10680000.0,-6.215061170708527e+33,6.244139405253719e+33,-1.2459200575962246e+34
10695000.0,-6.21506116510527e+33,6.244129782108483e+33,-1.2459190947213752e+34
10710000.0,-6.215061159780201e+33,6.244117044528026e+33,-1.2459178204308226e+34
10725000.0,-6.215061154734937e+33,6.244101180695054e+33,-1.245916233542999e+34
10740000.0,-6.215061149971026e+33,6.2440821793376e+33,-1.2459143329308626e+34
10755000.0,-6.215061145489947e+33,6.244060029732951e+33,-1.2459121175222898e+34
10770000.0,-6.215061141293117e+33,6.244034721711436e+33,-1.2459095863004553e+34
10785000.0,-6.215061137381877e+33,6.244006245660054e+33,-1.245906738304193e+34
10800000.0,-6.215061133757505e+33,6.243974592525921e+33,-1.2459035726283426e+34
10815000.0,-6.215061130421215e+33,6.243939753819554e+33,-1.245900088424077e+34
10830000.0,-6.215061127374129e+33,6.243901721617997e+33,-1.2458962848992126e+34
10845000.0,-6.215061124617324e+33,6.243860488567757e+33,-1.245892161318508e+34
10860000.0,-6.215061122151792e+33,6.24381604788757e+33,-1.2458877170039362e+34
10875000.0,-6.215061119978452e+33,6.243768393371008e+33,-1.245882951334946e+34
10890000.0,-6.215061118098153e+33,6.243717519388887e+33,-1.245877863748704e+34
10905000.0,-6.215061116511684e+33,6.243663420891504e+33,-1.2458724537403188e+34
10920000.0,-6.215061115219732e+33,6.24360609341071e+33,-1.2458667208630442e+34
10935000.0,-6.215061114222949e+33,6.243545533061759e+33,-1.2458606647284708e+34
10950000.0,-6.215061113521867e+33,6.243481736545046e+33,-1.2458542850066913e+34
10965000.0,-6.215061113116987e+33,6.243414701147575e+33,-1.2458475814264563e+34
10980000.0,-6.215061113008711e+33,6.243344424744315e+33,-1.2458405537753026e+34
10995000.0,-6.215061113197377e+33,6.24327090579933e+33,-1.2458332018996707e+34
11010000.0,-6.21506111368324e+33,6.243194143366742e+33,-1.2458255257049982e+34
11025000.0,-6.215061114466491e+33,6.243114137091496e+33,-1.2458175251557987e+34
11040000.0,-6.215061115547234e+33,6.24303088720994e+33,-1.2458092002757175e+34
11055000.0,-6.215061116925503e+33,6.242944394550237e+33,-1.245800551147574e+34
11070000.0,-6.215061118601269e+33,6.24285466053255e+33,-1.245791577913382e+34
11085000.0,-6.215061120574405e+33,6.242761687169084e+33,-1.245782280774349e+34
11100000.0,-6.215061122844727e+33,6.242665477063907e+33,-1.2457726599908634e+34
11115000.0,-6.215061125411976e+33,6.242566033412597e+33,-1.2457627158824574e+34
11130000.0,-6.215061128275804e+33,6.242463360001707e+33,-1.2457524488277512e+34
11145000.0,-6.215061131435805e+33,6.242357461208029e+33,-1.2457418592643834e+34
11160000.0,-6.215061134891496e+33,6.24224834199768e+33,-1.2457309476889176e+34
11175000.0,-6.215061138642313e+33,6.242136007925009e+33,-1.2457197146567322e+34
11190000.0,-6.21506114268763e+33,6.242020465131301e+33,-1.245708160781893e+34
11205000.0,-6.215061147026733e+33,6.241901720343315e+33,-1.2456962867370048e+34
11220000.0,-6.215061151658851e+33,6.241779780871628e+33,-1.245684093253048e+34
11235000.0,-6.215061156583136e+33,6.241654654608794e+33,-1.245671581119193e+34
11250000.0,-6.215061161798667e+33,6.241526350027333e+33,-1.2456587511826e+34
11265000.0,-6.215061167304457e+33,6.241394876177536e+33,-1.2456456043481993e+34
11280000.0,-6.215061173099437e+33,6.241260242685082e+33,-1.245632141578452e+34
11295000.0,-6.215061179182487e+33,6.241122459748486e+33,-1.2456183638930973e+34
11310000.0,-6.215061185552411e+33,6.24098153813638e+33,-1.2456042723688791e+34
11325000.0,-6.215061192207933e+33,6.240837489184601e+33,-1.2455898681392534e+34
11340000.0,-6.215061199147734e+33,6.240690324793121e+33,-1.2455751523940855e+34
11355000.0,-6.215061206370403e+33,6.240540057422797e+33,-1.24556012637932e+34
11370000.0,-6.215061213874493e+33,6.240386700091967e+33,-1.245544791396646e+34
11385000.0,-6.21506122165847e+33,6.240230266372863e+33,-1.2455291488031333e+34
11400000.0,-6.215061229720743e+33,6.240070770387873e+33,-1.2455132000108616e+34
11415000.0,-6.21506123805966e+33,6.239908226805632e+33,-1.2454969464865292e+34
11430000.0,-6.215061246673515e+33,6.239742650836953e+33,-1.2454803897510468e+34
11445000.0,-6.21506125556052e+33,6.239574058230621e+33,-1.2454635313791141e+34
11460000.0,-6.215061264718864e+33,6.239402465268992e+33,-1.2454463729987856e+34
11475000.0,-6.21506127414664e+33,6.239227888763488e+33,-1.2454289162910128e+34
11490000.0,-6.215061283841907e+33,6.239050346049899e+33,-1.2454111629891806e+34
11505000.0,-6.215061293802658e+33,6.238869854983568e+33,-1.2453931148786226e+34
11520000.0,-6.21506130402684e+33,6.23868643393442e+33,-1.245374773796126e+34
11535000.0,-6.215061314512342e+33,6.23850010178184e+33,-1.2453561416294182e+34
11550000.0,-6.215061325257e+33,6.238310877909441e+33,-1.245337220316644e+34
11565000.0,-6.215061336258595e+33,6.238118782199663e+33,-1.2453180118458258e+34
11580000.0,-6.215061347514862e+33,6.237923835028261e+33,-1.2452985182543123e+34
11595000.0,-6.215061359023496e+33,6.237726057258653e+33,-1.245278741628215e+34
11610000.0,-6.215061370782127e+33,6.23752547023615e+33,-1.2452586841018276e+34
11625000.0,-6.215061382788337e+33,6.237322095782057e+33,-1.2452383478570395e+34
11640000.0,-6.215061395039692e+33,6.237115956187649e+33,-1.2452177351227341e+34
11655000.0,-6.21506140753367e+33,6.236907074208044e+33,-1.2451968481741714e+34
11670000.0,-6.215061420267733e+33,6.236695473055943e+33,-1.2451756893323676e+34
11685000.0,-6.2150614332393e+33,6.23648117639528e+33,-1.245154260963458e+34
11700000.0,-6.215061446445732e+33,6.236264208334746e+33,-1.2451325654780478e+34
11715000.0,-6.215061459884364e+33,6.236044593421225e+33,-1.245110605330559e+34
11730000.0,-6.215061473552477e+33,6.235822356633115e+33,-1.2450883830185592e+34
11745000.0,-6.215061487447326e+33,6.235597523373568e+33,-1.2450659010820894e+34
11760000.0,-6.215061501566128e+33,6.23537011946361e+33,-1.2450431621029738e+34
11775000.0,-6.215061515906041e+33,6.235140171135217e+33,-1.2450201687041259e+34
11790000.0,-6.215061530464208e+33,6.234907705024244e+33,-1.2449969235488453e+34
11805000.0,-6.215061545237731e+33,6.234672748163322e+33,-1.2449734293401052e+34
11820000.0,-6.215061560223668e+33,6.234435327974651e+33,-1.244949688819832e+34
11835000.0,-6.215061575419056e+33,6.234195472262714e+33,-1.244925704768177e+34
11850000.0,-6.21506159082088e+33,6.233953209206944e+33,-1.2449014800027825e+34
11865000.0,-6.215061606426106e+33,6.233708567354282e+33,-1.2448770173780388e+34
11880000.0,-6.215061622231662e+33,6.233461575611712e+33,-1.2448523197843374e+34
11895000.0,-6.215061638234443e+33,6.233212263238697e+33,-1.244827390147314e+34
11910000.0,-6.215061654431317e+33,6.232960659839593e+33,-1.244802231427091e+34
11925000.0,-6.215061670819111e+33,6.232706795355974e+33,-1.2447768466175085e+34
11940000.0,-6.215061687394633e+33,6.232450700058934e+33,-1.2447512387453567e+34
11955000.0,-6.215061704154656e+33,6.232192404541323e+33,-1.244725410869598e+34
11970000.0,-6.215061721095923e+33,6.23193193970996e+33,-1.2446993660805883e+34
11985000.0,-6.215061738215151e+33,6.231669336777778e+33,-1.244673107499293e+34
12000000.0,-6.215061755509027e+33,6.231404627255963e+33,-1.244646638276499e+34
12015000.0,-6.215061772974214e+33,6.231137842946042e+33,-1.2446199615920256e+34
12030000.0,-6.215061790607343e+33,6.230869015931952e+33,-1.2445930806539295e+34
12045000.0,-6.215061808405026e+33,6.230598178572074e+33,-1.24456599869771e+34
12060000.0,-6.215061826363847e+33,6.230325363491258e+33,-1.2445387189855106e+34
12075000.0,-6.215061844480369e+33,6.230050603572823e+33,-1.2445112448053192e+34
12090000.0,-6.215061862751125e+33,6.229773931950543e+33,-1.2444835794701668e+34
12105000.0,-6.215061881172632e+33,6.229495382000631e+33,-1.2444557263173263e+34
12120000.0,-6.215061899741384e+33,6.229214987333701e+33,-1.2444276887075085e+34
12135000.0,-6.215061918453849e+33,6.22893278178674e+33,-1.244399470024059e+34
12150000.0,-6.215061937306485e+33,6.22864879941508e+33,-1.2443710736721565e+34
12165000.0,-6.215061956295729e+33,6.228363074484355e+33,-1.2443425030780085e+34
12180000.0,-6.21506197541799e+33,6.228075641462499e+33,-1.2443137616880488e+34
12195000.0,-6.215061994669683e+33,6.227786535011714e+33,-1.2442848529681397e+34
12210000.0,-6.215062014047174e+33,6.227495789980494e+33,-1.2442557804027668e+34
12225000.0,-6.215062033546845e+33,6.227203441395623e+33,-1.2442265474942468e+34
12240000.0,-6.215062053165048e+33,6.22690952445422e+33,-1.2441971577619269e+34
12255000.0,-6.215062072898136e+33,6.226614074515809e+33,-1.2441676147413945e+34
12270000.0,-6.215062092742442e+33,6.226317127094398e+33,-1.244137921983684e+34
12285000.0,-6.215062112694287e+33,6.226018717850604e+33,-1.2441080830544891e+34
12300000.0,-6.21506213274999e+33,6.225718882583782e+33,-1.2440781015333772e+34
12315000.0,-6.215062152905857e+33,6.225417657224234e+33,-1.244047981013009e+34
12330000.0,-6.215062173158197e+33,6.225115077825415e+33,-1.2440177250983612e+34
12345000.0,-6.215062193503306e+33,6.224811180556192e+33,-1.2439873374059498e+34
12360000.0,-6.215062213937476e+33,6.224506001693162e+33,-1.2439568215630638e+34
12375000.0,-6.215062234457003e+33,6.224199577612984e+33,-1.2439261812069987e+34
12390000.0,-6.215062255058175e+33,6.223891944784779e+33,-1.2438954199842954e+34
12405000.0,-6.215062275737295e+33,6.22358313976259e+33,-1.2438645415499885e+34
12420000.0,-6.215062296490639e+33,6.223273199177872e+33,-1.243833549566851e+34
12435000.0,-6.215062317314518e+33,6.222962159732035e+33,-1.2438024477046553e+34
12450000.0,-6.215062338205216e+33,6.22265005818908e+33,-1.2437712396394296e+34
12465000.0,-6.215062359159056e+33,6.222336931368242e+33,-1.2437399290527298e+34
12480000.0,-6.215062380172334e+33,6.222022816136742e+33,-1.2437085196309077e+34
12495000.0,-6.215062401241375e+33,6.221707749402563e+33,-1.2436770150643939e+34
12510000.0,-6.2150624223625e+33,6.221391768107326e+33,-1.2436454190469825e+34
12525000.0,-6.215062443532051e+33,6.221074909219192e+33,-1.2436137352751243e+34
12540000.0,-6.21506246474637e+33,6.220757209725871e+33,-1.2435819674472241e+34
12555000.0,-6.21506248600182e+33,6.220438706627682e+33,-1.2435501192629502e+34
12570000.0,-6.215062507294763e+33,6.220119436930676e+33,-1.243518194422544e+34
12585000.0,-6.215062528621588e+33,6.219799437639857e+33,-1.2434861966261445e+34
12600000.0,-6.215062549978695e+33,6.219478745752444e+33,-1.243454129573114e+34
12615000.0,-6.215062571362497e+33,6.21915739825124e+33,-1.2434219969613738e+34
12630000.0,-6.21506259276942e+33,6.218835432098062e+33,-1.2433898024867483e+34
12645000.0,-6.215062614195922e+33,6.218512884227239e+33,-1.2433575498423161e+34
12660000.0,-6.215062635638464e+33,6.218189791539215e+33,-1.2433252427177678e+34
12675000.0,-6.215062657093528e+33,6.217866190894207e+33,-1.2432928847987735e+34
12690000.0,-6.215062678557621e+33,6.21754211910596e+33,-1.2432604797663581e+34
12705000.0,-6.215062700027266e+33,6.217217612935576e+33,-1.2432280312962842e+34
12720000.0,-6.215062721499012e+33,6.216892709085422e+33,-1.2431955430584433e+34
12735000.0,-6.215062742969425e+33,6.216567444193144e+33,-1.2431630187162569e+34
12750000.0,-6.215062764435095e+33,6.216241854825718e+33,-1.2431304619260813e+34
12765000.0,-6.215062785892637e+33,6.215915977473647e+33,-1.2430978763366285e+34
12780000.0,-6.215062807338688e+33,6.215589848545196e+33,-1.2430652655883884e+34
12795000.0,-6.215062828769912e+33,6.215263504360726e+33,-1.2430326333130639e+34
12810000.0,-6.21506285018299e+33,6.214936981147126e+33,-1.2429999831330116e+34
12825000.0,-6.215062871574641e+33,6.214610315032318e+33,-1.2429673186606959e+34
12840000.0,-6.215062892941597e+33,6.214283542039855e+33,-1.2429346434981452e+34
12855000.0,-6.215062914280624e+33,6.213956698083604e+33,-1.2429019612364227e+34
12870000.0,-6.21506293558851e+33,6.213629818962518e+33,-1.2428692754551028e+34
12885000.0,-6.215062956862076e+33,6.2133029403555e+33,-1.2428365897217577e+34
12900000.0,-6.215062978098168e+33,6.212976097816342e+33,-1.242803907591451e+34
12915000.0,-6.215062999293663e+33,6.212649326768761e+33,-1.2427712326062425e+34
12930000.0,-6.215063020445453e+33,6.212322662501529e+33,-1.2427385682946982e+34
12945000.0,-6.215063041550472e+33,6.211996140163688e+33,-1.242705918171416e+34
12960000.0,-6.21506306260569e+33,6.211669794759824e+33,-1.2426732857365514e+34
12975000.0,-6.215063083608076e+33,6.211343661145482e+33,-1.2426406744753558e+34
12990000.0,-6.215063104554659e+33,6.21101777402263e+33,-1.242608087857729e+34
13005000.0,-6.215063125442492e+33,6.210692167935212e+33,-1.2425755293377703e+34
13020000.0,-6.215063146268644e+33,6.210366877264804e+33,-1.2425430023533449e+34
13035000.0,-6.215063167030225e+33,6.210041936226357e+33,-1.2425105103256583e+34
13050000.0,-6.215063187724374e+33,6.209717378864003e+33,-1.2424780566588377e+34
13065000.0,-6.215063208348255e+33,6.20939323904697e+33,-1.2424456447395225e+34
13080000.0,-6.215063228899074e+33,6.209069550465574e+33,-1.2424132779364648e+34
13095000.0,-6.215063249374057e+33,6.208746346627301e+33,-1.2423809596001358e+34
13110000.0,-6.215063269770468e+33,6.208423660852961e+33,-1.2423486930623429e+34
13125000.0,-6.215063290085589e+33,6.208101526272949e+33,-1.2423164816358538e+34
13140000.0,-6.215063310316748e+33,6.207779975823558e+33,-1.2422843286140306e+34
13155000.0,-6.215063330461306e+33,6.207459042243402e+33,-1.2422522372704708e+34
13170000.0,-6.21506335051664e+33,6.207138758069914e+33,-1.2422202108586553e+34
13185000.0,-6.215063370480175e+33,6.20681915563591e+33,-1.2421882526116085e+34
13200000.0,-6.215063390349349e+33,6.206500267066266e+33,-1.2421563657415615e+34
13215000.0,-6.215063410121644e+33,6.206182124274634e+33,-1.2421245534396278e+34
13230000.0,-6.215063429794576e+33,6.205864758960274e+33,-1.242092818875485e+34
13245000.0,-6.215063449365676e+33,6.205548202604945e+33,-1.242061165197062e+34
13260000.0,-6.215063468832532e+33,6.205232486469872e+33,-1.2420295955302404e+34
13275000.0,-6.215063488192736e+33,6.204917641592809e+33,-1.2419981129785545e+34
13290000.0,-6.215063507443932e+33,6.204603698785154e+33,-1.2419667206229086e+34
13305000.0,-6.215063526583774e+33,6.204290688629148e+33,-1.2419354215212922e+34
13320000.0,-6.21506354560998e+33,6.20397864147516e+33,-1.241904218708514e+34
13335000.0,-6.215063564520263e+33,6.203667587439031e+33,-1.2418731151959294e+34
13350000.0,-6.215063583312392e+33,6.203357556399487e+33,-1.2418421139711878e+34
13365000.0,-6.215063601984156e+33,6.203048577995644e+33,-1.24181121799798e+34
13380000.0,-6.215063620533379e+33,6.202740681624555e+33,-1.2417804302157934e+34
13395000.0,-6.215063638957916e+33,6.202433896438856e+33,-1.2417497535396772e+34
13410000.0,-6.215063657255643e+33,6.202128251344457e+33,-1.24171919086001e+34
13425000.0,-6.215063675424481e+33,6.201823774998307e+33,-1.2416887450422788e+34
13440000.0,-6.215063693462381e+33,6.201520495806231e+33,-1.2416584189268612e+34
13455000.0,-6.215063711367303e+33,6.201218441920836e+33,-1.241628215328814e+34
13470000.0,-6.215063729137271e+33,6.200917641239446e+33,-1.2415981370376717e+34
13485000.0,-6.215063746770307e+33,6.200618121402167e+33,-1.2415681868172474e+34
13500000.0,-6.215063764264485e+33,6.200319909789934e+33,-1.241538367405442e+34
13515000.0,-6.215063781617899e+33,6.200023033522686e+33,-1.2415086815140586e+34
13530000.0,-6.215063798828674e+33,6.199727519457563e+33,-1.2414791318286237e+34
13545000.0,-6.215063815894964e+33,6.19943339418717e+33,-1.2414497210082133e+34
13560000.0,-6.215063832814956e+33,6.199140684037908e+33,-1.2414204516852864e+34
13575000.0,-6.215063849586866e+33,6.198849415068342e+33,-1.2413913264655208e+34
13590000.0,-6.215063866208927e+33,6.198559613067649e+33,-1.2413623479276576e+34
13605000.0,-6.215063882679419e+33,6.198271303554098e+33,-1.2413335186233517e+34
13620000.0,-6.215063898996648e+33,6.197984511773592e+33,-1.241304841077024e+34
13635000.0,-6.215063915158931e+33,6.197699262698269e+33,-1.24127631778572e+34
13650000.0,-6.215063931164631e+33,6.197415581025139e+33,-1.241247951218977e+34
13665000.0,-6.215063947012133e+33,6.197133491174776e+33,-1.241219743818691e+34
13680000.0,-6.215063962699853e+33,6.196853017290069e+33,-1.2411916979989922e+34
13695000.0,-6.215063978226234e+33,6.196574183235005e+33,-1.241163816146124e+34
13710000.0,-6.215063993589734e+33,6.196297012593503e+33,-1.2411361006183238e+34
13725000.0,-6.21506400878886e+33,6.1960215286683e+33,-1.241108553745716e+34
13740000.0,-6.215064023822134e+33,6.195747754479877e+33,-1.2410811778302012e+34
13755000.0,-6.215064038688101e+33,6.195475712765418e+33,-1.241053975145352e+34
13770000.0,-6.215064053385352e+33,6.195205425977821e+33,-1.2410269479363173e+34
13785000.0,-6.215064067912477e+33,6.194936916284753e+33,-1.241000098419723e+34
13800000.0,-6.215064082268111e+33,6.194670205567741e+33,-1.2409734287835852e+34
13815000.0,-6.215064096450912e+33,6.194405315421284e+33,-1.2409469411872196e+34
13830000.0,-6.215064110459561e+33,6.194142267152036e+33,-1.2409206377611597e+34
13845000.0,-6.215064124292768e+33,6.193881081777993e+33,-1.2408945206070761e+34
13860000.0,-6.215064137949271e+33,6.193621780027739e+33,-1.240868591797701e+34
13875000.0,-6.21506415142782e+33,6.193364382339712e+33,-1.2408428533767531e+34
13890000.0,-6.21506416472721e+33,6.193108908861507e+33,-1.2408173073588716e+34
13905000.0,-6.215064177846247e+33,6.192855379449208e+33,-1.2407919557295454e+34
13920000.0,-6.215064190783765e+33,6.192603813666762e+33,-1.2407668004450527e+34
13935000.0,-6.215064203538617e+33,6.19235423078537e+33,-1.2407418434323987e+34
13950000.0,-6.2150642161097e+33,6.192106649782913e+33,-1.2407170865892612e+34
13965000.0,-6.215064228495912e+33,6.1918610893434e+33,-1.2406925317839312e+34
13980000.0,-6.21506424069619e+33,6.191617567856464e+33,-1.2406681808552654e+34
13995000.0,-6.215064252709486e+33,6.191376103416854e+33,-1.240644035612634e+34
14010000.0,-6.215064264534778e+33,6.191136713823961e+33,-1.2406200978358739e+34
14025000.0,-6.215064276171073e+33,6.190899416581393e+33,-1.2405963692752466e+34
14040000.0,-6.215064287617395e+33,6.190664228896538e+33,-1.2405728516513933e+34
14055000.0,-6.215064298872795e+33,6.190431167680172e+33,-1.2405495466552966e+34
14070000.0,-6.215064309936334e+33,6.190200249546077e+33,-1.2405264559482412e+34
14085000.0,-6.215064320807126e+33,6.189971490810686e+33,-1.2405035811617812e+34
14100000.0,-6.215064331484268e+33,6.18974490749275e+33,-1.2404809238977018e+34
14115000.0,-6.215064341966908e+33,6.189520515313007e+33,-1.2404584857279915e+34
14130000.0,-6.215064352254216e+33,6.189298329693895e+33,-1.240436268194811e+34
14145000.0,-6.215064362345355e+33,6.189078365759265e+33,-1.240414272810462e+34
14160000.0,-6.215064372239544e+33,6.188860638334102e+33,-1.2403925010573645e+34
14175000.0,-6.21506438193601e+33,6.188645161944288e+33,-1.2403709543880299e+34
14190000.0,-6.215064391433996e+33,6.188431950816364e+33,-1.240349634225036e+34
14205000.0,-6.215064400732768e+33,6.188221018877296e+33,-1.2403285419610064e+34
14220000.0,-6.215064409831623e+33,6.188012379754276e+33,-1.24030767895859e+34
14235000.0,-6.215064418729868e+33,6.187806046774518e+33,-1.2402870465504386e+34
14250000.0,-6.215064427426836e+33,6.187602032965082e+33,-1.240266646039192e+34
14265000.0,-6.215064435921879e+33,6.187400351052688e+33,-1.2402464786974567e+34
14280000.0,-6.215064444214371e+33,6.187201013463568e+33,-1.2402265457677939e+34
14295000.0,-6.215064452303706e+33,6.187004032323293e+33,-1.2402068484627e+34
14310000.0,-6.215064460189287e+33,6.186809419456644e+33,-1.2401873879645931e+34
14325000.0,-6.215064467870563e+33,6.186617186387476e+33,-1.2401681654258039e+34
14340000.0,-6.215064475346981e+33,6.186427344338578e+33,-1.240149181968556e+34
14355000.0,-6.215064482618006e+33,6.186239904231573e+33,-1.240130438684958e+34
14370000.0,-6.215064489683138e+33,6.18605487668678e+33,-1.2401119366369918e+34
14385000.0,-6.215064496541892e+33,6.185872272023129e+33,-1.2400936768565022e+34
14400000.0,-6.215064503193792e+33,6.185692100258048e+33,-1.240075660345184e+34
14415000.0,-6.215064509638392e+33,6.185514371107374e+33,-1.2400578880745766e+34
14430000.0,-6.215064515875257e+33,6.185339093985261e+33,-1.2400403609860518e+34
14445000.0,-6.215064521903986e+33,6.185166278004082e+33,-1.2400230799908069e+34
14460000.0,-6.215064527724185e+33,6.184995931974371e+33,-1.2400060459698556e+34
14475000.0,-6.215064533335471e+33,6.18482806440472e+33,-1.239989259774019e+34
14490000.0,-6.215064538737498e+33,6.184662683501725e+33,-1.2399727222239223e+34
14505000.0,-6.215064543929931e+33,6.184499797169891e+33,-1.2399564341099823e+34
14520000.0,-6.215064548912445e+33,6.184339413011585e+33,-1.239940396192403e+34
14535000.0,-6.215064553684745e+33,6.18418153832695e+33,-1.2399246092011695e+34
14550000.0,-6.215064558246557e+33,6.184026180113847e+33,-1.2399090738360404e+34
14565000.0,-6.215064562597608e+33,6.183873345067791e+33,-1.2398937907665399e+34
14580000.0,-6.21506456673766e+33,6.183723039581882e+33,-1.2398787606319542e+34
14595000.0,-6.215064570666488e+33,6.18357526974675e+33,-1.2398639840413237e+34
14610000.0,-6.215064574383885e+33,6.183430041350484e+33,-1.239849461573437e+34
14625000.0,-6.215064577889658e+33,6.183287359878578e+33,-1.2398351937768236e+34
14640000.0,-6.215064581183636e+33,6.18314723051387e+33,-1.2398211811697506e+34
14655000.0,-6.215064584265667e+33,6.183009658136473e+33,-1.239807424240214e+34
14670000.0,-6.215064587135621e+33,6.182874647323723e+33,-1.2397939234459344e+34
14685000.0,-6.215064589793376e+33,6.182742202350114e+33,-1.239780679214349e+34
14700000.0,-6.215064592238829e+33,6.182612327187238e+33,-1.2397676919426067e+34
14715000.0,-6.215064594471903e+33,6.182485025503718e+33,-1.239754961997562e+34
14730000.0,-6.215064596492537e+33,6.182360300665149e+33,-1.2397424897157686e+34
14745000.0,-6.215064598300681e+33,6.18223815573404e+33,-1.2397302754034722e+34
14760000.0,-6.215064599896311e+33,6.182118593469744e+33,-1.2397183193366055e+34
14775000.0,-6.215064601279416e+33,6.182001616328389e+33,-1.2397066217607805e+34
14790000.0,-6.21506460245e+33,6.18188722646283e+33,-1.239695182891283e+34
14805000.0,-6.215064603408091e+33,6.181775425722566e+33,-1.2396840029130657e+34
14820000.0,-6.215064604153739e+33,6.181666215653688e+33,-1.2396730819807426e+34
14835000.0,-6.215064604686992e+33,6.181559597498798e+33,-1.239662420218579e+34
14850000.0,-6.215064605007947e+33,6.181455572196957e+33,-1.2396520177204904e+34
14865000.0,-6.215064605116692e+33,6.181354140383611e+33,-1.2396418745500303e+34
14880000.0,-6.215064605013334e+33,6.181255302390524e+33,-1.2396319907403858e+34
14895000.0,-6.215064604698025e+33,6.18115905824571e+33,-1.2396223662943735e+34
14910000.0,-6.215064604170901e+33,6.181065407673372e+33,-1.2396130011844273e+34
14925000.0,-6.215064603432139e+33,6.180974350093826e+33,-1.2396038953525965e+34
14940000.0,-6.215064602481931e+33,6.180885884623442e+33,-1.2395950487105373e+34
14955000.0,-6.21506460132047e+33,6.180800010074584e+33,-1.2395864611395053e+34
14970000.0,-6.215064599947995e+33,6.180716724955526e+33,-1.2395781324903522e+34
14985000.0,-6.215064598364739e+33,6.180636027470414e+33,-1.2395700625835153e+34
15000000.0,-6.21506459657096e+33,6.180557915519189e+33,-1.2395622512090149e+34
15015000.0,-6.215064594566954e+33,6.180482386697528e+33,-1.2395546981264482e+34
15030000.0,-6.215064592353004e+33,6.180409438296798e+33,-1.2395474030649802e+34
15045000.0,-6.215064589929428e+33,6.180339067303991e+33,-1.239540365723342e+34
15060000.0,-6.215064587296564e+33,6.180271270401673e+33,-1.2395335857698237e+34
15075000.0,-6.215064584454772e+33,6.180206043967944e+33,-1.2395270628422716e+34
15090000.0,-6.21506458140441e+33,6.180143384076385e+33,-1.2395207965480795e+34
15105000.0,-6.215064578145891e+33,6.180083286496021e+33,-1.2395147864641912e+34
15120000.0,-6.21506457467961e+33,6.180025746691288e+33,-1.2395090321370899e+34
15135000.0,-6.215064571006005e+33,6.179970759821999e+33,-1.2395035330828004e+34
15150000.0,-6.215064567125517e+33,6.179918320743318e+33,-1.2394982887868835e+34
15165000.0,-6.215064563038627e+33,6.179868424005749e+33,-1.2394932987044376e+34
15180000.0,-6.215064558745818e+33,6.179821063855107e+33,-1.2394885622600925e+34
15195000.0,-6.215064554247593e+33,6.179776234232539e+33,-1.2394840788480133e+34
15210000.0,-6.21506454954449e+33,6.179733928774497e+33,-1.2394798478318987e+34
15225000.0,-6.215064544637054e+33,6.179694140812771e+33,-1.2394758685449825e+34
15240000.0,-6.215064539525852e+33,6.179656863374504e+33,-1.2394721402900356e+34
15255000.0,-6.21506453421147e+33,6.179622089182209e+33,-1.2394686623393678e+34
15270000.0,-6.215064528694523e+33,6.179589810653826e+33,-1.239465433934835e+34
15285000.0,-6.215064522975637e+33,6.179560019902762e+33,-1.23946245428784e+34
15300000.0,-6.21506451705546e+33,6.179532708737953e+33,-1.2394597225793413e+34
15315000.0,-6.215064510934674e+33,6.17950786866394e+33,-1.2394572379598613e+34
15330000.0,-6.215064504613951e+33,6.17948549088096e+33,-1.2394549995494912e+34
15345000.0,-6.215064498094022e+33,6.179465566285037e+33,-1.239453006437906e+34
15360000.0,-6.215064491375614e+33,6.179448085468102e+33,-1.2394512576843716e+34
15375000.0,-6.215064484459482e+33,6.179433038718124e+33,-1.2394497523177607e+34
15390000.0,-6.215064477346408e+33,6.179420416019255e+33,-1.2394484893365663e+34
15405000.0,-6.21506447003719e+33,6.179410207051986e+33,-1.2394474677089175e+34
15420000.0,-6.215064462532638e+33,6.17940240119334e+33,-1.2394466863725978e+34
15435000.0,-6.215064454833609e+33,6.179396987517056e+33,-1.2394461442350665e+34
15450000.0,-6.215064446940967e+33,6.179393954793814e+33,-1.239445840173478e+34
15465000.0,-6.215064438855596e+33,6.179393291491473e+33,-1.239445773034707e+34
15480000.0,-6.215064430578405e+33,6.179394985775326e+33,-1.239445941635373e+34
15495000.0,-6.215064422110334e+33,6.17939902550838e+33,-1.2394463447618714e+34
15510000.0,-6.215064413452333e+33,6.17940539825166e+33,-1.2394469811703993e+34
15525000.0,-6.215064404605384e+33,6.179414091264541e+33,-1.2394478495869925e+34
15540000.0,-6.215064395570497e+33,6.179425091505079e+33,-1.2394489487075576e+34
15555000.0,-6.215064386348689e+33,6.179438385630418e+33,-1.2394502771979107e+34
15570000.0,-6.215064376941012e+33,6.179453959997162e+33,-1.2394518336938174e+34
15585000.0,-6.215064367348557e+33,6.179471800661827e+33,-1.2394536168010384e+34
15600000.0,-6.215064357572405e+33,6.179491893381287e+33,-1.2394556250953693e+34
15615000.0,-6.215064347613684e+33,6.17951422361327e+33,-1.2394578571226953e+34
15630000.0,-6.21506433747354e+33,6.179538776516874e+33,-1.2394603113990414e+34
15645000.0,-6.215064327153146e+33,6.179565536953112e+33,-1.2394629864106258e+34
15660000.0,-6.215064316653704e+33,6.179594489485492e+33,-1.2394658806139196e+34
15675000.0,-6.215064305976435e+33,6.179625618380653e+33,-1.2394689924357088e+34
15690000.0,-6.215064295122587e+33,6.17965890760899e+33,-1.2394723202731577e+34
15705000.0,-6.21506428409343e+33,6.179694340845356e+33,-1.2394758624938786e+34
15720000.0,-6.215064272890272e+33,6.179731901469773e+33,-1.2394796174360045e+34
15735000.0,-6.21506426151443e+33,6.179771572568207e+33,-1.2394835834082638e+34
15750000.0,-6.215064249967254e+33,6.179813336933356e+33,-1.239487758690061e+34
15765000.0,-6.215064238250132e+33,6.179857177065487e+33,-1.239492141531562e+34
15780000.0,-6.215064226364458e+33,6.17990307517333e+33,-1.2394967301537788e+34
