60,10000,-10000,3.49E+08
50,10000,-10000,4.36E+08
320,20000,0,4.83E+08
320,15000,0,5.69E+08
0,15000,-5000,9.58E+08
0,20000,-5000,1.35E+09
40,15000,-10000,1.53E+09
30,20000,-10000,1.56E+09
0,10000,-5000,1.66E+09
40,20000,-10000,2.09E+09
330,10000,0,2.21E+09
350,20000,-5000,2.91E+09
30,15000,-10000,3.00E+09
310,20000,0,3.05E+09
130,20000,-10000,3.32E+09
270,15000,5000,3.60E+09
40,10000,-10000,4.07E+09
30,5000,-5000,4.09E+09
330,20000,0,4.19E+09
330,15000,0,4.45E+09
350,15000,-5000,4.49E+09
320,5000,5000,4.60E+09
20,20000,-10000,5.38E+09
50,20000,-10000,5.48E+09
10,20000,-5000,5.60E+09
310,15000,0,5.66E+09
50,15000,-10000,5.78E+09
10,10000,-5000,6.01E+09
10,15000,-5000,6.35E+09
300,20000,0,6.36E+09
100,15000,-10000,6.75E+09
260,15000,5000,7.04E+09
340,20000,-5000,7.15E+09
320,10000,0,7.37E+09
80,20000,-15000,7.71E+09
20,15000,-10000,7.74E+09
120,20000,-10000,7.94E+09
280,15000,5000,8.02E+09
340,20000,0,8.04E+09
70,20000,-15000,8.11E+09
270,20000,5000,8.48E+09
60,20000,-10000,8.53E+09
90,20000,-15000,8.59E+09
280,20000,5000,8.79E+09
30,10000,-10000,9.08E+09
260,20000,5000,9.12E+09
10,20000,-10000,9.34E+09
290,20000,0,9.40E+09
350,5000,0,9.40E+09
60,20000,-15000,9.43E+09
340,15000,0,9.44E+09
300,10000,5000,9.46E+09
350,10000,-5000,9.57E+09
60,15000,-10000,9.62E+09
20,20000,-5000,9.79E+09
290,20000,5000,9.87E+09
340,15000,-5000,9.97E+09
340,10000,0,1.03E+10
20,5000,-5000,1.04E+10
70,10000,-10000,1.05E+10
250,20000,5000,1.09E+10
300,15000,0,1.10E+10
290,15000,5000,1.10E+10
70,20000,-10000,1.12E+10
100,20000,-15000,1.13E+10
330,20000,-5000,1.13E+10
50,20000,-15000,1.14E+10
190,20000,0,1.14E+10
300,20000,5000,1.16E+10
20,15000,-5000,1.17E+10
350,20000,0,1.20E+10
280,20000,0,1.21E+10
270,20000,-25000,1.22E+10
10,15000,-10000,1.26E+10
70,15000,-10000,1.28E+10
110,20000,-10000,1.28E+10
80,20000,-10000,1.32E+10
0,20000,-10000,1.34E+10
20,10000,-5000,1.35E+10
310,20000,5000,1.38E+10
300,15000,5000,1.38E+10
30,20000,-5000,1.39E+10
40,20000,-15000,1.39E+10
240,20000,5000,1.40E+10
270,15000,-25000,1.43E+10
350,15000,0,1.44E+10
90,20000,-10000,1.44E+10
90,15000,-10000,1.45E+10
270,20000,0,1.45E+10
100,20000,-10000,1.45E+10
20,10000,-10000,1.47E+10
80,15000,-10000,1.49E+10
70,15000,-15000,1.50E+10
60,15000,-15000,1.51E+10
290,10000,5000,1.51E+10
150,20000,-5000,1.52E+10
320,20000,-5000,1.54E+10
330,15000,-5000,1.55E+10
210,15000,-25000,1.59E+10
0,20000,0,1.60E+10
340,0,5000,1.60E+10
320,20000,5000,1.64E+10
130,15000,-5000,1.66E+10
260,20000,0,1.66E+10
50,15000,-15000,1.67E+10
110,20000,-15000,1.67E+10
290,15000,0,1.67E+10
30,20000,-15000,1.68E+10
290,5000,-25000,1.68E+10
310,15000,5000,1.68E+10
30,15000,-5000,1.69E+10
350,20000,-10000,1.75E+10
350,10000,0,1.75E+10
0,15000,-10000,1.76E+10
80,15000,-15000,1.77E+10
40,5000,-5000,1.77E+10
340,10000,-5000,1.77E+10
40,20000,-5000,1.78E+10
250,20000,0,1.85E+10
160,20000,-5000,1.87E+10
230,20000,5000,1.89E+10
40,15000,-15000,1.91E+10
330,20000,5000,1.92E+10
310,10000,5000,1.93E+10
0,15000,0,1.93E+10
340,5000,0,1.94E+10
310,20000,-5000,1.94E+10
180,20000,0,1.96E+10
310,10000,0,1.96E+10
20,20000,-15000,1.99E+10
10,20000,0,1.99E+10
320,15000,5000,2.01E+10
240,20000,0,2.06E+10
10,10000,-10000,2.06E+10
30,10000,-5000,2.08E+10
290,5000,10000,2.08E+10
320,15000,-5000,2.10E+10
260,10000,10000,2.13E+10
340,20000,-10000,2.15E+10
50,20000,-5000,2.16E+10
40,15000,-5000,2.20E+10
30,15000,-15000,2.22E+10
290,15000,-25000,2.22E+10
340,20000,5000,2.24E+10
10,5000,-5000,2.25E+10
350,15000,-10000,2.25E+10
140,20000,-10000,2.32E+10
300,20000,-5000,2.33E+10
10,20000,-15000,2.33E+10
230,20000,0,2.33E+10
110,15000,-10000,2.33E+10
280,15000,0,2.35E+10
330,15000,5000,2.36E+10
110,10000,-5000,2.36E+10
20,20000,0,2.39E+10
10,15000,0,2.42E+10
0,10000,0,2.43E+10
160,15000,0,2.49E+10
90,15000,-15000,2.51E+10
320,10000,5000,2.52E+10
60,20000,-5000,2.52E+10
120,20000,-15000,2.55E+10
330,20000,-10000,2.55E+10
350,20000,5000,2.56E+10
20,15000,-15000,2.56E+10
70,20000,-20000,2.58E+10
60,20000,-20000,2.59E+10
220,20000,5000,2.61E+10
330,10000,-5000,2.61E+10
220,20000,0,2.65E+10
310,15000,-5000,2.66E+10
200,20000,0,2.66E+10
0,10000,-10000,2.66E+10
0,20000,-15000,2.67E+10
50,20000,-20000,2.67E+10
80,20000,-20000,2.69E+10
250,15000,5000,2.69E+10
50,15000,-5000,2.69E+10
290,20000,-5000,2.69E+10
340,15000,5000,2.72E+10
0,5000,0,2.73E+10
290,20000,10000,2.75E+10
340,15000,-10000,2.75E+10
30,20000,0,2.78E+10
300,20000,10000,2.78E+10
40,10000,-5000,2.79E+10
280,20000,10000,2.79E+10
40,20000,-20000,2.82E+10
50,5000,-5000,2.83E+10
70,20000,-5000,2.85E+10
210,20000,0,2.87E+10
310,20000,10000,2.88E+10
310,20000,-25000,2.90E+10
0,20000,5000,2.90E+10
20,15000,0,2.91E+10
90,20000,-20000,2.92E+10
10,15000,-15000,2.93E+10
270,20000,10000,2.94E+10
320,20000,-10000,2.95E+10
240,0,-25000,2.98E+10
140,20000,-5000,3.01E+10
330,10000,5000,3.01E+10
30,20000,-20000,3.02E+10
350,20000,-15000,3.02E+10
320,20000,10000,3.03E+10
280,20000,-5000,3.04E+10
10,10000,0,3.08E+10
350,15000,5000,3.10E+10
250,10000,10000,3.12E+10
80,20000,-5000,3.15E+10
40,20000,0,3.16E+10
60,15000,-5000,3.17E+10
0,5000,-5000,3.17E+10
270,15000,0,3.18E+10
260,20000,10000,3.21E+10
300,15000,-5000,3.21E+10
330,20000,10000,3.23E+10
10,20000,5000,3.24E+10
330,15000,-10000,3.24E+10
40,10000,-15000,3.24E+10
20,20000,-20000,3.25E+10
350,10000,-10000,3.26E+10
100,20000,-20000,3.30E+10
50,10000,-15000,3.31E+10
0,15000,-15000,3.32E+10
300,10000,0,3.33E+10
310,20000,-10000,3.33E+10
270,20000,-5000,3.36E+10
340,20000,-15000,3.38E+10
30,15000,0,3.38E+10
30,10000,-15000,3.39E+10
90,20000,-5000,3.41E+10
80,5000,-5000,3.43E+10
320,10000,-5000,3.44E+10
340,20000,10000,3.45E+10
340,10000,5000,3.47E+10
0,15000,5000,3.48E+10
300,15000,10000,3.48E+10
330,5000,5000,3.48E+10
50,10000,-5000,3.49E+10
50,15000,-20000,3.49E+10
290,15000,10000,3.49E+10
80,10000,-10000,3.50E+10
10,20000,-20000,3.50E+10
60,15000,-20000,3.51E+10
60,5000,-5000,3.51E+10
70,5000,-5000,3.51E+10
290,20000,-25000,3.52E+10
50,20000,0,3.52E+10
310,15000,10000,3.56E+10
210,20000,5000,3.58E+10
20,20000,5000,3.58E+10
40,15000,-20000,3.58E+10
130,20000,-5000,3.59E+10
130,20000,-15000,3.60E+10
250,20000,10000,3.61E+10
100,20000,-5000,3.61E+10
280,15000,10000,3.61E+10
70,15000,-5000,3.63E+10
10,0,0,3.63E+10
20,10000,-15000,3.66E+10
70,15000,-20000,3.66E+10
260,20000,-5000,3.67E+10
20,10000,0,3.69E+10
320,15000,10000,3.70E+10
300,20000,-10000,3.70E+10
350,20000,10000,3.70E+10
350,15000,-15000,3.71E+10
100,15000,-15000,3.71E+10
60,10000,-15000,3.71E+10
320,15000,-10000,3.72E+10
330,20000,-15000,3.73E+10
110,20000,-5000,3.74E+10
30,15000,-20000,3.75E+10
120,20000,-5000,3.76E+10
290,15000,-5000,3.77E+10
0,20000,-20000,3.77E+10
40,15000,0,3.84E+10
110,20000,-20000,3.84E+10
340,10000,-10000,3.85E+10
270,15000,10000,3.86E+10
10,15000,5000,3.86E+10
60,20000,0,3.87E+10
150,20000,-10000,3.88E+10
330,15000,10000,3.89E+10
60,20000,-25000,3.90E+10
50,20000,-25000,3.90E+10
350,10000,5000,3.91E+10
30,20000,5000,3.92E+10
270,10000,10000,3.94E+10
350,5000,-5000,3.94E+10
250,20000,-5000,3.95E+10
20,15000,-20000,3.96E+10
0,20000,10000,3.97E+10
10,5000,0,3.97E+10
70,20000,-25000,3.97E+10
40,20000,-25000,3.97E+10
310,10000,-25000,3.98E+10
200,15000,5000,3.98E+10
170,20000,-5000,3.98E+10
170,20000,0,3.98E+10
10,10000,-15000,3.99E+10
20,0,0,3.99E+10
80,15000,-20000,3.99E+10
330,5000,0,4.02E+10
290,20000,-10000,4.04E+10
350,20000,-20000,4.06E+10
80,15000,-5000,4.06E+10
320,20000,-15000,4.07E+10
300,20000,15000,4.07E+10
260,15000,0,4.08E+10
310,20000,15000,4.08E+10
30,20000,-25000,4.09E+10
340,15000,-15000,4.09E+10
340,15000,10000,4.11E+10
290,20000,15000,4.12E+10
80,20000,-25000,4.12E+10
240,20000,10000,4.14E+10
320,20000,15000,4.15E+10
310,15000,-10000,4.18E+10
60,10000,-5000,4.19E+10
70,20000,0,4.20E+10
240,20000,-5000,4.20E+10
10,15000,-20000,4.21E+10
310,10000,-5000,4.22E+10
10,20000,10000,4.24E+10
20,20000,-25000,4.24E+10
20,15000,5000,4.25E+10
40,20000,5000,4.25E+10
280,20000,15000,4.25E+10
260,15000,10000,4.26E+10
330,20000,15000,4.27E+10
50,15000,0,4.28E+10
30,10000,0,4.29E+10
280,15000,-5000,4.32E+10
0,10000,5000,4.34E+10
340,20000,-20000,4.34E+10
0,10000,-15000,4.35E+10
350,15000,10000,4.36E+10
280,20000,-10000,4.37E+10
280,10000,5000,4.38E+10
90,20000,-25000,4.38E+10
310,20000,-15000,4.40E+10
330,10000,-10000,4.41E+10
340,20000,15000,4.42E+10
10,20000,-25000,4.43E+10
230,20000,-5000,4.43E+10
70,10000,-15000,4.44E+10
120,20000,-20000,4.46E+10
90,15000,-5000,4.47E+10
270,20000,15000,4.47E+10
0,15000,-20000,4.48E+10
330,15000,-15000,4.48E+10
20,5000,-10000,4.49E+10
80,20000,0,4.50E+10
90,15000,-20000,4.50E+10
140,20000,-15000,4.50E+10
290,10000,0,4.51E+10
20,20000,10000,4.51E+10
280,10000,10000,4.55E+10
110,5000,-10000,4.55E+10
240,15000,5000,4.56E+10
50,20000,5000,4.56E+10
120,15000,-5000,4.57E+10
350,20000,15000,4.59E+10
10,5000,-10000,4.60E+10
340,5000,5000,4.60E+10
30,15000,5000,4.62E+10
340,5000,-5000,4.63E+10
330,20000,-20000,4.63E+10
180,20000,-5000,4.63E+10
220,20000,-5000,4.63E+10
0,15000,10000,4.63E+10
300,15000,-10000,4.63E+10
310,10000,10000,4.63E+10
30,5000,-10000,4.63E+10
300,10000,10000,4.63E+10
0,20000,-25000,4.63E+10
290,10000,10000,4.67E+10
270,20000,-10000,4.67E+10
200,20000,5000,4.68E+10
60,15000,0,4.70E+10
320,10000,10000,4.70E+10
300,20000,-15000,4.71E+10
100,20000,-25000,4.72E+10
350,10000,-15000,4.73E+10
160,20000,-10000,4.73E+10
50,15000,-25000,4.74E+10
40,15000,-25000,4.75E+10
10,10000,5000,4.76E+10
350,15000,-20000,4.76E+10
210,20000,-5000,4.77E+10
230,20000,10000,4.78E+10
260,20000,15000,4.78E+10
90,20000,0,4.78E+10
30,20000,10000,4.79E+10
0,20000,15000,4.79E+10
250,15000,10000,4.80E+10
60,15000,-25000,4.82E+10
40,10000,-20000,4.82E+10
190,20000,-5000,4.82E+10
100,15000,-5000,4.83E+10
30,15000,-25000,4.83E+10
270,15000,-5000,4.84E+10
330,10000,10000,4.84E+10
320,15000,-15000,4.85E+10
200,20000,-5000,4.85E+10
110,15000,-15000,4.85E+10
350,20000,-25000,4.85E+10
40,10000,0,4.85E+10
310,15000,15000,4.86E+10
30,10000,-20000,4.86E+10
70,10000,-5000,4.86E+10
60,20000,5000,4.86E+10
0,5000,-10000,4.87E+10
320,15000,15000,4.88E+10
250,15000,0,4.89E+10
50,10000,-20000,4.90E+10
300,15000,15000,4.90E+10
10,15000,10000,4.91E+10
320,20000,-20000,4.91E+10
320,10000,-10000,4.93E+10
300,10000,-5000,4.93E+10
190,15000,5000,4.94E+10
260,20000,-10000,4.94E+10
20,15000,-25000,4.95E+10
340,-10000,0,4.95E+10
330,15000,15000,4.97E+10
310,20000,20000,4.97E+10
310,5000,5000,4.97E+10
20,5000,0,4.97E+10
40,15000,5000,4.98E+10
70,15000,-25000,4.98E+10
20,10000,-20000,4.98E+10
320,20000,20000,4.99E+10
10,20000,15000,5.00E+10
300,20000,20000,5.00E+10
290,20000,-15000,5.01E+10
110,15000,-5000,5.02E+10
100,20000,0,5.02E+10
340,10000,10000,5.03E+10
290,15000,15000,5.03E+10
340,15000,-20000,5.04E+10
290,15000,-10000,5.05E+10
330,20000,20000,5.05E+10
40,20000,10000,5.06E+10
130,20000,-20000,5.06E+10
340,20000,-25000,5.07E+10
160,20000,0,5.08E+10
40,5000,-10000,5.08E+10
340,15000,15000,5.09E+10
290,20000,20000,5.09E+10
340,10000,-15000,5.10E+10
70,15000,0,5.11E+10
10,15000,-25000,5.11E+10
120,15000,-10000,5.11E+10
100,15000,-20000,5.11E+10
110,20000,-25000,5.12E+10
60,10000,-20000,5.13E+10
320,5000,0,5.13E+10
340,20000,20000,5.14E+10
70,20000,5000,5.15E+10
20,10000,5000,5.16E+10
250,20000,15000,5.16E+10
10,10000,-20000,5.17E+10
150,20000,-15000,5.17E+10
310,20000,-20000,5.18E+10
250,20000,-10000,5.18E+10
20,15000,10000,5.18E+10
310,15000,-15000,5.20E+10
270,10000,-25000,5.21E+10
20,20000,15000,5.22E+10
170,20000,-10000,5.22E+10
350,5000,-10000,5.23E+10
110,20000,0,5.23E+10
80,15000,-25000,5.24E+10
330,5000,-5000,5.24E+10
280,20000,20000,5.25E+10
350,10000,10000,5.25E+10
350,15000,15000,5.25E+10
350,5000,5000,5.25E+10
280,15000,15000,5.26E+10
350,20000,20000,5.27E+10
280,20000,-15000,5.28E+10
0,15000,-25000,5.29E+10
80,10000,-15000,5.29E+10
330,20000,-25000,5.30E+10
50,20000,10000,5.32E+10
50,15000,5000,5.32E+10
100,10000,-5000,5.32E+10
260,15000,-5000,5.33E+10
330,15000,-20000,5.33E+10
50,10000,0,5.38E+10
240,20000,-10000,5.38E+10
0,10000,-20000,5.39E+10
120,20000,0,5.40E+10
80,20000,5000,5.41E+10
0,20000,20000,5.41E+10
310,10000,-10000,5.42E+10
280,10000,0,5.42E+10
0,15000,15000,5.43E+10
300,20000,-20000,5.43E+10
220,20000,10000,5.43E+10
30,20000,15000,5.43E+10
280,15000,-10000,5.44E+10
270,20000,20000,5.46E+10
300,5000,10000,5.46E+10
30,15000,10000,5.46E+10
330,10000,-15000,5.47E+10
80,10000,-5000,5.47E+10
0,10000,10000,5.48E+10
80,15000,0,5.49E+10
350,15000,-25000,5.49E+10
70,10000,-20000,5.50E+10
150,20000,0,5.50E+10
310,0,10000,5.50E+10
180,20000,-10000,5.50E+10
240,15000,10000,5.52E+10
130,20000,0,5.52E+10
20,5000,-15000,5.52E+10
320,20000,-25000,5.53E+10
270,20000,-15000,5.53E+10
300,15000,-15000,5.53E+10
120,20000,-25000,5.53E+10
30,10000,5000,5.54E+10
230,20000,-10000,5.55E+10
290,10000,-5000,5.55E+10
30,5000,-15000,5.55E+10
60,20000,10000,5.57E+10
140,20000,0,5.57E+10
10,20000,20000,5.57E+10
240,15000,0,5.57E+10
240,20000,15000,5.58E+10
90,15000,-25000,5.58E+10
140,20000,-20000,5.58E+10
270,15000,15000,5.58E+10
240,-20000,-25000,5.58E+10
320,15000,-20000,5.61E+10
340,5000,-10000,5.61E+10
10,5000,-15000,5.62E+10
10,15000,15000,5.62E+10
350,10000,-20000,5.63E+10
250,0,10000,5.63E+10
160,20000,-15000,5.64E+10
60,15000,5000,5.65E+10
40,20000,15000,5.65E+10
90,20000,5000,5.65E+10
190,20000,-10000,5.66E+10
220,20000,-10000,5.66E+10
190,20000,5000,5.66E+10
320,15000,20000,5.67E+10
290,20000,-20000,5.67E+10
0,5000,5000,5.69E+10
120,15000,-15000,5.69E+10
310,15000,20000,5.69E+10
330,15000,20000,5.70E+10
340,15000,-25000,5.70E+10
110,15000,-20000,5.71E+10
260,20000,20000,5.72E+10
210,20000,-10000,5.73E+10
200,20000,-10000,5.73E+10
40,15000,10000,5.73E+10
10,10000,10000,5.73E+10
40,5000,-15000,5.74E+10
20,20000,20000,5.74E+10
30,10000,-25000,5.74E+10
40,10000,-25000,5.74E+10
260,20000,-15000,5.75E+10
250,15000,-5000,5.75E+10
340,15000,20000,5.76E+10
300,15000,20000,5.77E+10
50,5000,-10000,5.78E+10
270,15000,-10000,5.79E+10
320,5000,-5000,5.79E+10
70,20000,10000,5.80E+10
0,5000,-15000,5.80E+10
90,10000,-5000,5.80E+10
20,10000,-25000,5.80E+10
320,10000,-15000,5.81E+10
50,10000,-25000,5.82E+10
30,5000,0,5.82E+10
320,10000,15000,5.82E+10
20,15000,15000,5.83E+10
90,15000,0,5.84E+10
330,10000,15000,5.84E+10
290,15000,-15000,5.84E+10
290,-5000,5000,5.84E+10
300,10000,-10000,5.85E+10
50,20000,15000,5.86E+10
350,15000,20000,5.86E+10
100,20000,5000,5.86E+10
310,5000,0,5.87E+10
60,10000,0,5.87E+10
310,15000,-20000,5.87E+10
30,-5000,-5000,5.88E+10
340,10000,-20000,5.88E+10
310,10000,15000,5.88E+10
280,20000,-20000,5.90E+10
40,10000,5000,5.90E+10
290,15000,20000,5.90E+10
340,10000,15000,5.91E+10
10,10000,-25000,5.91E+10
30,20000,20000,5.91E+10
330,15000,-25000,5.92E+10
270,10000,5000,5.92E+10
130,20000,-25000,5.93E+10
90,10000,-10000,5.93E+10
250,20000,-15000,5.94E+10
80,10000,-20000,5.95E+10
70,15000,5000,5.95E+10
300,20000,-25000,5.95E+10
170,20000,-15000,5.96E+10
100,15000,-25000,5.96E+10
60,10000,-25000,5.97E+10
210,20000,10000,5.98E+10
0,15000,20000,5.98E+10
20,10000,10000,5.98E+10
260,15000,15000,5.99E+10
50,15000,10000,5.99E+10
150,20000,-20000,5.99E+10
230,20000,15000,5.99E+10
330,5000,-10000,6.00E+10
250,20000,20000,6.01E+10
80,20000,10000,6.01E+10
300,10000,15000,6.02E+10
350,10000,15000,6.02E+10
30,15000,15000,6.03E+10
350,5000,-15000,6.03E+10
10,5000,5000,6.03E+10
0,10000,-25000,6.05E+10
110,20000,5000,6.05E+10
90,10000,-15000,6.05E+10
60,20000,15000,6.06E+10
50,5000,-15000,6.06E+10
230,15000,5000,6.07E+10
280,10000,-5000,6.07E+10
40,20000,20000,6.08E+10
270,20000,-20000,6.10E+10
280,15000,20000,6.10E+10
260,15000,-10000,6.10E+10
240,20000,-15000,6.10E+10
270,10000,0,6.11E+10
230,15000,0,6.12E+10
240,15000,-5000,6.12E+10
10,15000,20000,6.12E+10
300,15000,-20000,6.12E+10
280,15000,-15000,6.12E+10
330,10000,-20000,6.12E+10
320,15000,-25000,6.13E+10
310,10000,-15000,6.13E+10
130,15000,-10000,6.14E+10
100,15000,0,6.16E+10
0,10000,15000,6.16E+10
180,20000,5000,6.16E+10
180,20000,-15000,6.17E+10
120,20000,5000,6.20E+10
70,10000,-25000,6.20E+10
350,10000,-25000,6.21E+10
90,20000,10000,6.21E+10
120,15000,-20000,6.22E+10
20,5000,-20000,6.22E+10
30,5000,-20000,6.22E+10
80,15000,5000,6.23E+10
230,20000,-15000,6.23E+10
50,10000,5000,6.23E+10
60,15000,10000,6.23E+10
30,10000,10000,6.23E+10
40,15000,15000,6.23E+10
330,5000,10000,6.23E+10
290,10000,-10000,6.24E+10
70,20000,15000,6.25E+10
290,10000,15000,6.25E+10
50,20000,20000,6.25E+10
140,20000,-25000,6.26E+10
130,15000,-15000,6.26E+10
340,5000,10000,6.26E+10
310,5000,-5000,6.27E+10
20,15000,20000,6.27E+10
350,0,5000,6.27E+10
260,20000,-20000,6.28E+10
340,5000,-15000,6.28E+10
230,0,-25000,6.29E+10
10,5000,-20000,6.29E+10
160,20000,-20000,6.30E+10
70,10000,0,6.30E+10
240,20000,20000,6.30E+10
190,20000,-15000,6.30E+10
320,5000,10000,6.31E+10
40,5000,-20000,6.31E+10
10,10000,15000,6.31E+10
220,20000,-15000,6.31E+10
130,20000,5000,6.32E+10
280,20000,-25000,6.33E+10
310,15000,-25000,6.33E+10
110,15000,-25000,6.34E+10
270,15000,20000,6.34E+10
20,5000,5000,6.34E+10
170,20000,5000,6.35E+10
220,20000,15000,6.35E+10
310,5000,10000,6.35E+10
290,15000,-20000,6.35E+10
200,20000,-15000,6.36E+10
350,5000,10000,6.36E+10
200,20000,10000,6.36E+10
210,20000,-15000,6.36E+10
320,5000,-10000,6.36E+10
320,10000,-20000,6.36E+10
250,15000,-10000,6.37E+10
270,15000,-15000,6.37E+10
340,10000,-25000,6.38E+10
40,5000,0,6.38E+10
100,20000,10000,6.38E+10
90,10000,-20000,6.40E+10
250,15000,15000,6.40E+10
140,20000,5000,6.40E+10
330,10000,20000,6.41E+10
0,5000,-20000,6.41E+10
60,20000,20000,6.41E+10
80,20000,15000,6.42E+10
320,10000,20000,6.42E+10
230,15000,-5000,6.42E+10
30,15000,20000,6.42E+10
300,5000,0,6.42E+10
50,15000,15000,6.42E+10
160,20000,5000,6.43E+10
300,10000,-15000,6.43E+10
250,20000,-20000,6.43E+10
340,10000,20000,6.43E+10
110,15000,0,6.44E+10
150,20000,5000,6.44E+10
70,15000,10000,6.45E+10
230,15000,10000,6.46E+10
40,10000,10000,6.47E+10
60,5000,-10000,6.47E+10
60,5000,-15000,6.47E+10
90,15000,5000,6.47E+10
20,10000,15000,6.48E+10
80,10000,-25000,6.48E+10
300,5000,5000,6.48E+10
310,10000,20000,6.49E+10
50,5000,-20000,6.49E+10
0,5000,10000,6.49E+10
350,10000,20000,6.49E+10
270,10000,-5000,6.50E+10
170,20000,-20000,6.51E+10
300,15000,-25000,6.52E+10
60,10000,5000,6.53E+10
150,20000,-25000,6.53E+10
110,20000,10000,6.53E+10
330,5000,-15000,6.54E+10
220,15000,0,6.55E+10
330,10000,-25000,6.55E+10
350,5000,-20000,6.56E+10
280,10000,15000,6.56E+10
240,20000,-20000,6.56E+10
280,15000,-20000,6.56E+10
230,20000,20000,6.57E+10
70,20000,20000,6.57E+10
40,15000,20000,6.57E+10
0,10000,20000,6.58E+10
280,10000,-10000,6.58E+10
90,20000,15000,6.58E+10
310,10000,-20000,6.59E+10
260,15000,-15000,6.60E+10
140,15000,-10000,6.60E+10
240,15000,-10000,6.60E+10
190,20000,10000,6.60E+10
300,10000,20000,6.60E+10
260,15000,20000,6.60E+10
60,15000,15000,6.61E+10
130,15000,-20000,6.61E+10
30,5000,5000,6.62E+10
260,10000,0,6.63E+10
210,20000,15000,6.63E+10
260,20000,-25000,6.63E+10
100,10000,-15000,6.64E+10
30,10000,15000,6.65E+10
10,5000,10000,6.65E+10
140,15000,-15000,6.65E+10
180,20000,-20000,6.65E+10
120,20000,10000,6.66E+10
80,15000,10000,6.66E+10
230,20000,-20000,6.66E+10
220,15000,-5000,6.66E+10
80,10000,0,6.66E+10
260,10000,5000,6.67E+10
120,15000,-25000,6.67E+10
300,5000,-5000,6.67E+10
20,5000,-25000,6.68E+10
10,10000,20000,6.68E+10
310,5000,-10000,6.68E+10
140,15000,-5000,6.69E+10
30,5000,-25000,6.69E+10
50,10000,10000,6.69E+10
120,15000,0,6.69E+10
100,15000,5000,6.69E+10
290,10000,-15000,6.70E+10
80,20000,20000,6.71E+10
100,20000,15000,6.72E+10
10,5000,-25000,6.72E+10
340,5000,-20000,6.72E+10
50,15000,20000,6.72E+10
320,10000,-25000,6.73E+10
220,20000,-20000,6.73E+10
60,5000,-20000,6.73E+10
160,20000,-25000,6.73E+10
190,20000,-20000,6.74E+10
40,5000,-25000,6.75E+10
270,15000,-20000,6.75E+10
180,20000,10000,6.75E+10
130,20000,10000,6.76E+10
250,20000,-25000,6.76E+10
100,10000,-10000,6.76E+10
0,0,-5000,6.76E+10
290,10000,20000,6.76E+10
240,15000,15000,6.77E+10
210,20000,-20000,6.77E+10
50,5000,0,6.77E+10
340,5000,15000,6.77E+10
200,20000,-20000,6.77E+10
90,10000,-25000,6.78E+10
330,5000,15000,6.78E+10
320,5000,-15000,6.78E+10
70,15000,15000,6.78E+10
250,15000,-15000,6.79E+10
350,0,-5000,6.79E+10
230,15000,-10000,6.79E+10
70,10000,5000,6.79E+10
220,20000,20000,6.79E+10
20,10000,20000,6.80E+10
0,5000,-25000,6.80E+10
300,10000,-20000,6.80E+10
100,10000,-20000,6.80E+10
220,15000,5000,6.81E+10
40,10000,15000,6.81E+10
350,5000,15000,6.81E+10
20,5000,10000,6.82E+10
10,0,-10000,6.82E+10
0,0,-10000,6.82E+10
140,20000,10000,6.83E+10
200,20000,15000,6.83E+10
90,20000,20000,6.84E+10
170,20000,10000,6.84E+10
320,5000,15000,6.84E+10
110,20000,15000,6.84E+10
90,15000,10000,6.84E+10
10,0,-5000,6.84E+10
210,15000,-5000,6.85E+10
260,10000,-5000,6.85E+10
150,15000,-10000,6.86E+10
50,5000,-25000,6.86E+10
250,15000,20000,6.86E+10
280,15000,-25000,6.86E+10
290,5000,0,6.86E+10
240,20000,-25000,6.86E+10
270,10000,-10000,6.86E+10
150,20000,10000,6.87E+10
60,15000,20000,6.87E+10
160,20000,10000,6.87E+10
40,5000,5000,6.87E+10
150,15000,0,6.88E+10
170,20000,-25000,6.88E+10
110,15000,5000,6.88E+10
70,5000,-15000,6.88E+10
270,10000,15000,6.89E+10
0,5000,15000,6.89E+10
210,15000,0,6.89E+10
60,10000,10000,6.89E+10
130,15000,0,6.89E+10
330,5000,-20000,6.90E+10
350,5000,-25000,6.90E+10
340,0,-5000,6.90E+10
20,0,-10000,6.91E+10
350,0,-10000,6.91E+10
140,15000,-20000,6.91E+10
150,15000,-15000,6.91E+10
30,0,0,6.92E+10
260,15000,-20000,6.92E+10
30,10000,20000,6.92E+10
280,10000,-15000,6.93E+10
350,0,0,6.93E+10
220,15000,-10000,6.93E+10
80,15000,15000,6.94E+10
130,15000,-25000,6.94E+10
120,20000,15000,6.94E+10
230,20000,-25000,6.95E+10
240,15000,-15000,6.95E+10
100,20000,20000,6.95E+10
0,0,0,6.96E+10
310,5000,15000,6.96E+10
290,5000,5000,6.96E+10
280,10000,20000,6.96E+10
90,10000,0,6.97E+10
300,5000,-10000,6.97E+10
50,10000,15000,6.97E+10
210,20000,20000,6.97E+10
190,20000,15000,6.97E+10
180,20000,-25000,6.98E+10
10,5000,15000,6.98E+10
30,5000,10000,6.98E+10
340,0,0,6.99E+10
290,10000,-20000,6.99E+10
200,15000,-5000,6.99E+10
70,15000,20000,7.00E+10
10,0,-15000,7.00E+10
100,15000,10000,7.00E+10
310,5000,-15000,7.00E+10
70,5000,-10000,7.00E+10
70,5000,-20000,7.00E+10
220,20000,-25000,7.01E+10
160,15000,-10000,7.01E+10
290,5000,-5000,7.01E+10
340,5000,-25000,7.01E+10
240,10000,10000,7.01E+10
250,10000,0,7.02E+10
60,5000,-25000,7.02E+10
20,0,-5000,7.02E+10
80,10000,5000,7.02E+10
20,0,-15000,7.02E+10
130,20000,15000,7.03E+10
190,20000,-25000,7.03E+10
210,15000,-10000,7.04E+10
0,0,-15000,7.04E+10
210,20000,-25000,7.04E+10
120,15000,5000,7.04E+10
40,10000,20000,7.04E+10
340,0,-10000,7.04E+10
110,10000,-15000,7.05E+10
300,10000,-25000,7.05E+10
200,20000,-25000,7.05E+10
110,20000,20000,7.05E+10
230,15000,15000,7.05E+10
100,10000,-25000,7.05E+10
220,15000,10000,7.06E+10
250,15000,-20000,7.06E+10
140,15000,0,7.06E+10
320,5000,-20000,7.06E+10
340,5000,20000,7.06E+10
180,20000,15000,7.06E+10
330,0,-5000,7.07E+10
70,10000,10000,7.07E+10
230,15000,-15000,7.07E+10
150,15000,-5000,7.08E+10
330,5000,20000,7.08E+10
90,15000,15000,7.08E+10
60,5000,0,7.08E+10
30,0,-10000,7.08E+10
350,5000,20000,7.08E+10
240,15000,20000,7.08E+10
140,20000,15000,7.09E+10
20,5000,15000,7.09E+10
160,15000,-15000,7.09E+10
170,15000,-10000,7.09E+10
50,5000,5000,7.10E+10
190,15000,-5000,7.10E+10
260,10000,-10000,7.10E+10
200,20000,20000,7.11E+10
200,15000,-10000,7.11E+10
330,0,0,7.11E+10
30,0,-15000,7.11E+10
170,20000,15000,7.11E+10
150,15000,-20000,7.12E+10
60,10000,15000,7.12E+10
150,20000,15000,7.12E+10
320,5000,20000,7.12E+10
110,10000,-20000,7.12E+10
350,0,-15000,7.12E+10
80,15000,20000,7.12E+10
300,5000,15000,7.13E+10
270,10000,-15000,7.13E+10
250,10000,-5000,7.13E+10
0,5000,20000,7.13E+10
160,20000,15000,7.13E+10
260,15000,-25000,7.13E+10
330,5000,-25000,7.13E+10
180,15000,-10000,7.14E+10
120,20000,20000,7.14E+10
110,15000,10000,7.14E+10
190,15000,-10000,7.14E+10
210,15000,5000,7.14E+10
40,5000,10000,7.15E+10
250,10000,5000,7.15E+10
200,15000,0,7.15E+10
140,15000,-25000,7.15E+10
270,10000,20000,7.16E+10
280,10000,-20000,7.16E+10
50,10000,20000,7.16E+10
0,0,5000,7.17E+10
130,15000,5000,7.17E+10
220,15000,-15000,7.17E+10
260,10000,15000,7.18E+10
240,15000,-20000,7.18E+10
180,15000,-5000,7.18E+10
290,10000,-25000,7.19E+10
10,5000,20000,7.19E+10
280,5000,0,7.20E+10
190,20000,20000,7.20E+10
70,5000,-25000,7.20E+10
100,15000,15000,7.20E+10
300,5000,-15000,7.20E+10
330,0,-10000,7.20E+10
100,0,20000,7.20E+10
170,15000,-15000,7.20E+10
30,5000,15000,7.20E+10
130,20000,20000,7.20E+10
310,5000,20000,7.21E+10
160,15000,-5000,7.21E+10
110,10000,-10000,7.21E+10
100,10000,0,7.21E+10
10,0,-20000,7.21E+10
290,5000,-10000,7.21E+10
90,10000,5000,7.22E+10
20,0,-20000,7.22E+10
310,5000,-20000,7.22E+10
170,15000,-5000,7.23E+10
80,5000,-15000,7.23E+10
80,10000,10000,7.24E+10
340,0,-15000,7.24E+10
90,15000,20000,7.24E+10
30,0,-5000,7.24E+10
10,0,5000,7.24E+10
250,15000,-25000,7.24E+10
210,15000,-15000,7.24E+10
0,0,-20000,7.25E+10
320,5000,-25000,7.25E+10
120,15000,10000,7.25E+10
220,15000,15000,7.26E+10
320,0,-5000,7.26E+10
140,20000,20000,7.26E+10
70,10000,15000,7.26E+10
40,0,-15000,7.26E+10
210,15000,10000,7.26E+10
180,20000,20000,7.26E+10
80,5000,-20000,7.26E+10
160,15000,-20000,7.26E+10
30,0,-20000,7.26E+10
230,15000,20000,7.27E+10
180,15000,-15000,7.27E+10
320,0,0,7.27E+10
20,5000,20000,7.27E+10
140,15000,5000,7.27E+10
230,15000,-20000,7.27E+10
60,10000,20000,7.27E+10
200,15000,-15000,7.28E+10
280,5000,-5000,7.28E+10
110,10000,-25000,7.29E+10
60,5000,5000,7.29E+10
150,20000,20000,7.29E+10
190,15000,-15000,7.29E+10
330,0,5000,7.29E+10
50,5000,10000,7.29E+10
170,20000,20000,7.29E+10
250,10000,-10000,7.30E+10
260,10000,-15000,7.30E+10
160,20000,20000,7.30E+10
240,10000,0,7.30E+10
150,15000,-25000,7.31E+10
40,0,-10000,7.31E+10
270,10000,-20000,7.31E+10
110,15000,15000,7.31E+10
350,0,-20000,7.31E+10
350,0,10000,7.31E+10
280,5000,5000,7.31E+10
300,5000,20000,7.32E+10
290,5000,15000,7.32E+10
40,5000,15000,7.32E+10
280,10000,-25000,7.32E+10
70,5000,0,7.32E+10
120,10000,-15000,7.32E+10
340,0,10000,7.33E+10
70,0,-5000,7.33E+10
240,15000,-25000,7.33E+10
100,15000,20000,7.34E+10
0,0,10000,7.34E+10
190,15000,0,7.34E+10
20,0,5000,7.34E+10
240,10000,-5000,7.34E+10
310,-5000,10000,7.34E+10
220,15000,-20000,7.35E+10
150,15000,5000,7.35E+10
130,15000,10000,7.35E+10
260,10000,20000,7.35E+10
170,10000,-5000,7.35E+10
30,5000,20000,7.35E+10
40,0,-20000,7.35E+10
170,15000,-20000,7.36E+10
330,0,-15000,7.36E+10
120,10000,-20000,7.36E+10
300,5000,-20000,7.36E+10
320,0,-10000,7.37E+10
310,5000,-25000,7.37E+10
10,0,-25000,7.37E+10
90,10000,10000,7.37E+10
290,5000,-15000,7.37E+10
20,0,-25000,7.38E+10
100,10000,5000,7.38E+10
80,10000,15000,7.38E+10
70,10000,20000,7.38E+10
200,15000,10000,7.38E+10
80,5000,-25000,7.39E+10
330,0,10000,7.39E+10
340,0,-20000,7.39E+10
10,0,10000,7.39E+10
160,15000,5000,7.39E+10
210,15000,-20000,7.40E+10
210,15000,15000,7.40E+10
120,15000,15000,7.40E+10
0,0,-25000,7.40E+10
60,-5000,0,7.40E+10
80,5000,-10000,7.40E+10
170,15000,0,7.40E+10
110,10000,0,7.40E+10
220,15000,20000,7.41E+10
250,10000,15000,7.41E+10
230,15000,-25000,7.41E+10
30,0,-25000,7.41E+10
180,15000,-20000,7.41E+10
160,15000,-25000,7.41E+10
280,5000,-10000,7.41E+10
140,15000,10000,7.42E+10
170,15000,5000,7.42E+10
110,15000,20000,7.42E+10
180,15000,5000,7.42E+10
180,15000,0,7.42E+10
200,15000,-20000,7.42E+10
50,5000,15000,7.43E+10
60,5000,10000,7.43E+10
50,0,-15000,7.43E+10
190,15000,-20000,7.43E+10
260,10000,-20000,7.43E+10
250,10000,-15000,7.43E+10
310,0,0,7.43E+10
40,5000,20000,7.43E+10
310,0,-5000,7.44E+10
350,0,-25000,7.44E+10
290,5000,20000,7.44E+10
350,0,15000,7.44E+10
320,0,5000,7.45E+10
300,-5000,15000,7.45E+10
240,10000,-10000,7.45E+10
30,0,5000,7.45E+10
70,5000,5000,7.45E+10
340,0,15000,7.45E+10
270,5000,0,7.45E+10
40,0,-5000,7.46E+10
190,15000,10000,7.46E+10
0,0,15000,7.46E+10
220,15000,-25000,7.46E+10
20,0,10000,7.46E+10
0,-10000,15000,7.47E+10
130,15000,15000,7.47E+10
120,10000,-25000,7.47E+10
40,0,-25000,7.47E+10
150,15000,10000,7.47E+10
300,5000,-25000,7.47E+10
50,0,-20000,7.47E+10
80,10000,20000,7.47E+10
280,5000,10000,7.48E+10
170,15000,-25000,7.48E+10
330,0,-20000,7.48E+10
320,0,-15000,7.48E+10
90,5000,-20000,7.48E+10
90,10000,15000,7.49E+10
290,5000,-20000,7.49E+10
330,0,15000,7.49E+10
100,10000,10000,7.49E+10
40,0,0,7.49E+10
200,15000,15000,7.49E+10
240,10000,5000,7.49E+10
270,5000,-5000,7.49E+10
90,5000,-15000,7.49E+10
120,15000,20000,7.49E+10
320,0,10000,7.50E+10
130,10000,-15000,7.50E+10
340,0,-25000,7.50E+10
10,0,15000,7.50E+10
180,15000,10000,7.50E+10
230,10000,-5000,7.50E+10
280,5000,15000,7.50E+10
160,15000,10000,7.50E+10
250,10000,20000,7.50E+10
210,15000,20000,7.50E+10
120,10000,-10000,7.51E+10
230,10000,0,7.51E+10
80,5000,0,7.51E+10
110,10000,5000,7.51E+10
310,0,-10000,7.51E+10
170,15000,10000,7.51E+10
180,15000,-25000,7.52E+10
280,5000,-15000,7.52E+10
50,5000,20000,7.52E+10
140,15000,15000,7.52E+10
260,10000,-25000,7.52E+10
60,5000,15000,7.52E+10
200,15000,-25000,7.52E+10
190,15000,-25000,7.53E+10
130,10000,-20000,7.53E+10
250,10000,-20000,7.53E+10
100,0,-10000,7.53E+10
350,0,20000,7.53E+10
340,0,20000,7.54E+10
50,0,-10000,7.54E+10
70,5000,10000,7.54E+10
30,0,10000,7.54E+10
240,10000,-15000,7.54E+10
90,5000,-25000,7.55E+10
0,0,20000,7.55E+10
20,0,15000,7.55E+10
190,15000,15000,7.55E+10
320,0,15000,7.55E+10
50,0,-25000,7.55E+10
150,15000,15000,7.55E+10
120,10000,0,7.55E+10
120,10000,-5000,7.55E+10
130,15000,20000,7.55E+10
40,0,5000,7.56E+10
90,10000,20000,7.56E+10
330,0,-25000,7.56E+10
230,10000,-10000,7.56E+10
320,0,-20000,7.57E+10
270,5000,-10000,7.57E+10
330,0,20000,7.57E+10
200,15000,20000,7.57E+10
280,5000,20000,7.57E+10
240,10000,15000,7.57E+10
270,5000,5000,7.57E+10
240,5000,5000,7.57E+10
100,10000,15000,7.57E+10
160,15000,15000,7.58E+10
10,0,20000,7.58E+10
180,15000,15000,7.58E+10
70,-5000,20000,7.58E+10
110,10000,10000,7.58E+10
300,0,0,7.58E+10
80,5000,5000,7.58E+10
170,15000,15000,7.59E+10
260,5000,10000,7.59E+10
310,0,-15000,7.59E+10
300,0,-5000,7.59E+10
280,5000,-20000,7.59E+10
60,0,-15000,7.59E+10
60,5000,20000,7.59E+10
130,10000,-25000,7.60E+10
60,0,-20000,7.60E+10
250,10000,-25000,7.60E+10
140,15000,20000,7.60E+10
30,0,15000,7.61E+10
310,0,5000,7.61E+10
190,15000,20000,7.61E+10
70,5000,15000,7.61E+10
220,10000,-5000,7.61E+10
240,10000,-20000,7.61E+10
320,0,20000,7.61E+10
140,10000,-15000,7.61E+10
20,0,20000,7.61E+10
120,10000,5000,7.62E+10
50,0,0,7.62E+10
40,0,10000,7.62E+10
240,10000,20000,7.62E+10
230,10000,-15000,7.63E+10
320,0,-25000,7.63E+10
150,15000,20000,7.63E+10
270,5000,-15000,7.63E+10
260,5000,0,7.63E+10
180,15000,20000,7.63E+10
100,10000,20000,7.63E+10
80,5000,10000,7.63E+10
300,0,-10000,7.63E+10
310,0,15000,7.63E+10
50,0,-5000,7.64E+10
160,15000,20000,7.64E+10
170,15000,20000,7.64E+10
100,5000,-20000,7.64E+10
260,0,10000,7.64E+10
140,10000,-20000,7.64E+10
60,0,-25000,7.64E+10
280,5000,-25000,7.64E+10
260,5000,-5000,7.64E+10
310,0,-20000,7.64E+10
110,10000,15000,7.64E+10
220,10000,-10000,7.64E+10
220,10000,0,7.65E+10
90,5000,0,7.65E+10
90,5000,-5000,7.65E+10
50,0,5000,7.65E+10
270,5000,15000,7.65E+10
120,10000,10000,7.66E+10
220,10000,5000,7.66E+10
100,5000,-15000,7.66E+10
240,10000,-25000,7.66E+10
30,0,20000,7.66E+10
40,0,15000,7.66E+10
70,5000,20000,7.66E+10
130,10000,0,7.67E+10
10,-5000,0,7.67E+10
130,10000,-10000,7.67E+10
0,-5000,-10000,7.67E+10
100,5000,-25000,7.67E+10
230,10000,-20000,7.67E+10
310,0,20000,7.67E+10
270,5000,-20000,7.67E+10
270,5000,20000,7.68E+10
300,0,-15000,7.68E+10
230,10000,15000,7.68E+10
260,5000,-10000,7.68E+10
140,10000,-25000,7.68E+10
310,0,-25000,7.68E+10
350,-5000,-10000,7.68E+10
80,5000,15000,7.68E+10
220,10000,-15000,7.68E+10
210,10000,-5000,7.68E+10
10,-5000,-10000,7.68E+10
50,0,10000,7.69E+10
150,10000,-15000,7.69E+10
90,5000,5000,7.69E+10
0,-5000,-15000,7.69E+10
90,5000,-10000,7.69E+10
10,-5000,-15000,7.69E+10
130,10000,5000,7.69E+10
120,10000,15000,7.70E+10
110,10000,20000,7.70E+10
350,-5000,-5000,7.70E+10
210,10000,-10000,7.70E+10
290,0,0,7.70E+10
290,0,-5000,7.70E+10
230,10000,-25000,7.70E+10
270,5000,-25000,7.70E+10
70,0,-20000,7.70E+10
90,5000,10000,7.70E+10
350,-5000,-15000,7.71E+10
40,0,20000,7.71E+10
230,10000,20000,7.71E+10
150,10000,-20000,7.71E+10
300,0,-20000,7.71E+10
140,10000,-10000,7.71E+10
260,5000,-15000,7.71E+10
50,0,15000,7.71E+10
20,-5000,-15000,7.71E+10
340,-5000,-5000,7.71E+10
340,-5000,-10000,7.71E+10
130,10000,10000,7.71E+10
60,0,0,7.72E+10
220,10000,-20000,7.72E+10
70,0,-15000,7.72E+10
10,-5000,-20000,7.72E+10
0,-5000,-5000,7.72E+10
0,-5000,-20000,7.72E+10
150,10000,-10000,7.72E+10
300,0,15000,7.72E+10
20,-5000,-10000,7.72E+10
270,5000,10000,7.72E+10
70,0,-25000,7.72E+10
210,10000,-15000,7.72E+10
80,5000,20000,7.72E+10
290,0,-10000,7.73E+10
230,10000,10000,7.73E+10
200,10000,-5000,7.73E+10
350,-5000,-20000,7.73E+10
130,10000,15000,7.73E+10
20,-5000,-20000,7.73E+10
60,0,5000,7.73E+10
160,10000,-15000,7.73E+10
150,10000,-25000,7.73E+10
340,-5000,-15000,7.73E+10
300,0,-25000,7.73E+10
300,0,20000,7.73E+10
200,10000,-10000,7.73E+10
160,10000,-10000,7.73E+10
300,0,5000,7.73E+10
260,5000,-20000,7.73E+10
250,5000,0,7.74E+10
220,10000,-25000,7.74E+10
10,-5000,-25000,7.74E+10
90,5000,15000,7.74E+10
0,-5000,-25000,7.74E+10
60,0,10000,7.74E+10
250,5000,-5000,7.74E+10
110,5000,-20000,7.74E+10
60,0,-10000,7.74E+10
260,5000,5000,7.74E+10
140,10000,0,7.74E+10
210,10000,-20000,7.74E+10
290,0,-15000,7.74E+10
220,10000,15000,7.74E+10
140,10000,5000,7.75E+10
330,-5000,-5000,7.75E+10
160,10000,-20000,7.75E+10
110,5000,-15000,7.75E+10
30,-5000,-15000,7.75E+10
350,-5000,-25000,7.75E+10
20,-5000,-25000,7.75E+10
200,10000,-15000,7.75E+10
100,5000,0,7.75E+10
120,10000,20000,7.75E+10
170,10000,-10000,7.75E+10
340,-5000,-20000,7.75E+10
50,0,20000,7.75E+10
190,10000,-10000,7.75E+10
230,10000,5000,7.75E+10
260,5000,-25000,7.75E+10
330,-5000,-10000,7.75E+10
110,5000,-25000,7.75E+10
260,5000,20000,7.75E+10
210,10000,0,7.75E+10
140,10000,15000,7.75E+10
250,5000,-10000,7.75E+10
190,10000,-5000,7.75E+10
170,10000,-15000,7.75E+10
220,5000,20000,7.75E+10
260,5000,15000,7.75E+10
60,0,15000,7.75E+10
180,10000,-10000,7.75E+10
100,5000,10000,7.75E+10
130,10000,-5000,7.75E+10
30,-5000,-20000,7.75E+10
140,5000,0,7.76E+10
60,0,-5000,7.76E+10
210,10000,-25000,7.76E+10
290,0,-20000,7.76E+10
190,10000,-15000,7.76E+10
160,10000,-25000,7.76E+10
200,10000,-20000,7.76E+10
330,-5000,-15000,7.76E+10
180,10000,-15000,7.76E+10
340,-5000,-25000,7.76E+10
100,5000,5000,7.76E+10
140,10000,10000,7.76E+10
170,10000,-20000,7.77E+10
250,5000,-15000,7.77E+10
0,-5000,10000,7.77E+10
30,-5000,-25000,7.77E+10
110,5000,-5000,7.77E+10
0,-5000,20000,7.77E+10
220,10000,20000,7.77E+10
30,-5000,-10000,7.77E+10
10,-5000,-5000,7.77E+10
220,10000,10000,7.77E+10
290,0,-25000,7.77E+10
10,-5000,10000,7.77E+10
350,-5000,20000,7.77E+10
150,10000,15000,7.77E+10
350,-5000,10000,7.77E+10
190,10000,-20000,7.77E+10
330,-5000,-20000,7.77E+10
300,0,10000,7.77E+10
180,10000,-20000,7.77E+10
200,10000,-25000,7.77E+10
100,5000,15000,7.77E+10
10,-5000,20000,7.77E+10
180,10000,-5000,7.77E+10
10,-5000,5000,7.77E+10
170,10000,-25000,7.77E+10
280,0,0,7.77E+10
250,5000,-20000,7.77E+10
10,-5000,15000,7.77E+10
100,5000,-5000,7.77E+10
70,0,10000,7.78E+10
0,-5000,15000,7.78E+10
80,0,-20000,7.78E+10
280,0,-5000,7.78E+10
90,5000,20000,7.78E+10
350,-5000,15000,7.78E+10
0,-5000,5000,7.78E+10
240,5000,10000,7.78E+10
140,5000,10000,7.78E+10
290,0,20000,7.78E+10
20,-5000,15000,7.78E+10
130,10000,20000,7.78E+10
190,10000,-25000,7.78E+10
330,-5000,-25000,7.78E+10
210,10000,15000,7.78E+10
180,10000,-25000,7.78E+10
80,0,-25000,7.78E+10
320,-5000,-5000,7.78E+10
250,5000,-25000,7.78E+10
340,-5000,15000,7.78E+10
280,0,-10000,7.78E+10
40,-5000,-15000,7.78E+10
70,0,0,7.78E+10
110,0,-5000,7.78E+10
150,10000,5000,7.78E+10
80,0,-15000,7.78E+10
340,-5000,20000,7.78E+10
40,-5000,-20000,7.78E+10
320,-5000,-10000,7.78E+10
0,-10000,10000,7.78E+10
70,0,15000,7.78E+10
330,-5000,0,7.78E+10
20,-5000,20000,7.78E+10
220,5000,15000,7.78E+10
20,-5000,5000,7.78E+10
160,10000,15000,7.78E+10
290,0,15000,7.78E+10
150,10000,20000,7.78E+10
210,10000,10000,7.78E+10
20,-5000,10000,7.78E+10
110,5000,10000,7.79E+10
260,0,15000,7.79E+10
340,-5000,10000,7.79E+10
70,0,5000,7.79E+10
140,10000,20000,7.79E+10
160,10000,20000,7.79E+10
340,-5000,5000,7.79E+10
280,0,-15000,7.79E+10
20,-10000,-5000,7.79E+10
40,-5000,-25000,7.79E+10
100,0,5000,7.79E+10
320,-5000,-15000,7.79E+10
30,-5000,15000,7.79E+10
60,0,20000,7.79E+10
190,10000,20000,7.79E+10
170,10000,20000,7.79E+10
130,5000,20000,7.79E+10
220,5000,10000,7.79E+10
180,10000,20000,7.79E+10
150,10000,0,7.79E+10
200,10000,15000,7.79E+10
320,-5000,0,7.79E+10
240,5000,0,7.79E+10
120,5000,-15000,7.79E+10
110,5000,15000,7.79E+10
240,5000,-5000,7.79E+10
280,0,-20000,7.79E+10
120,5000,-20000,7.79E+10
350,-5000,5000,7.79E+10
320,-5000,-20000,7.79E+10
290,0,5000,7.79E+10
250,5000,20000,7.79E+10
120,5000,-10000,7.79E+10
190,10000,0,7.79E+10
200,10000,20000,7.79E+10
230,5000,20000,7.79E+10
240,5000,-10000,7.79E+10
280,0,-25000,7.79E+10
120,5000,-25000,7.79E+10
340,-5000,0,7.79E+10
320,-5000,-25000,7.79E+10
110,0,20000,7.79E+10
10,-10000,0,7.79E+10
20,-5000,0,7.79E+10
150,5000,0,7.79E+10
140,5000,5000,7.79E+10
130,5000,0,7.79E+10
240,5000,-15000,7.79E+10
170,10000,10000,7.79E+10
80,0,10000,7.79E+10
30,-5000,20000,7.79E+10
210,10000,20000,7.79E+10
60,-5000,20000,7.79E+10
330,-5000,15000,7.79E+10
160,10000,5000,7.79E+10
30,-5000,0,7.79E+10
200,10000,10000,7.80E+10
160,5000,0,7.80E+10
350,-10000,5000,7.80E+10
0,-10000,5000,7.80E+10
330,-5000,10000,7.80E+10
40,-5000,15000,7.80E+10
110,5000,0,7.80E+10
350,-5000,0,7.80E+10
30,-5000,5000,7.80E+10
240,5000,-20000,7.80E+10
250,5000,15000,7.80E+10
180,10000,5000,7.80E+10
0,-5000,0,7.80E+10
160,10000,10000,7.80E+10
150,10000,10000,7.80E+10
170,10000,5000,7.80E+10
240,5000,-25000,7.80E+10
80,0,15000,7.80E+10
20,-5000,-5000,7.80E+10
250,5000,5000,7.80E+10
350,-10000,0,7.80E+10
330,-5000,20000,7.80E+10
40,-5000,0,7.80E+10
190,10000,10000,7.80E+10
30,-10000,-5000,7.80E+10
30,-5000,10000,7.80E+10
100,5000,-10000,7.80E+10
110,5000,5000,7.80E+10
50,-5000,-10000,7.80E+10
280,0,15000,7.80E+10
190,10000,5000,7.80E+10
80,0,-5000,7.80E+10
120,5000,15000,7.80E+10
280,0,20000,7.80E+10
40,-5000,-10000,7.80E+10
80,0,0,7.80E+10
320,-5000,15000,7.80E+10
40,-5000,5000,7.80E+10
160,10000,0,7.80E+10
280,0,5000,7.80E+10
180,10000,10000,7.80E+10
290,0,10000,7.80E+10
70,0,-10000,7.80E+10
320,-5000,10000,7.80E+10
140,10000,-5000,7.80E+10
330,-10000,5000,7.80E+10
120,5000,10000,7.80E+10
20,-10000,0,7.80E+10
200,10000,0,7.80E+10
320,-5000,20000,7.80E+10
40,-5000,10000,7.80E+10
100,5000,20000,7.80E+10
170,10000,15000,7.80E+10
70,0,20000,7.80E+10
330,-5000,5000,7.80E+10
80,0,5000,7.80E+10
230,5000,15000,7.80E+10
190,10000,15000,7.80E+10
120,5000,0,7.80E+10
240,5000,15000,7.80E+10
130,5000,10000,7.80E+10
80,-5000,20000,7.80E+10
180,10000,15000,7.80E+10
320,-5000,5000,7.80E+10
40,-5000,-5000,7.80E+10
40,-5000,20000,7.80E+10
310,-5000,-5000,7.80E+10
50,-5000,-20000,7.80E+10
10,-10000,-5000,7.80E+10
310,-5000,-10000,7.80E+10
50,-5000,-25000,7.80E+10
240,5000,20000,7.80E+10
150,10000,-5000,7.80E+10
210,10000,5000,7.80E+10
320,-10000,5000,7.80E+10
250,5000,10000,7.80E+10
110,5000,20000,7.80E+10
50,-5000,-15000,7.80E+10
350,-10000,15000,7.80E+10
310,-5000,-15000,7.80E+10
80,0,-10000,7.80E+10
280,0,10000,7.80E+10
80,0,20000,7.80E+10
310,-5000,0,7.80E+10
130,5000,-10000,7.80E+10
310,-5000,-20000,7.80E+10
170,5000,0,7.80E+10
310,-5000,-25000,7.80E+10
150,5000,-5000,7.80E+10
0,-20000,-25000,7.80E+10
0,-20000,-20000,7.80E+10
0,-20000,-15000,7.80E+10
0,-20000,-10000,7.80E+10
0,-20000,-5000,7.80E+10
0,-20000,0,7.80E+10
0,-20000,5000,7.80E+10
0,-20000,10000,7.80E+10
0,-20000,15000,7.80E+10
0,-20000,20000,7.80E+10
0,-15000,-25000,7.80E+10
0,-15000,-20000,7.80E+10
0,-15000,-15000,7.80E+10
0,-15000,-10000,7.80E+10
0,-15000,-5000,7.80E+10
0,-15000,0,7.80E+10
0,-15000,5000,7.80E+10
0,-15000,10000,7.80E+10
0,-15000,15000,7.80E+10
0,-15000,20000,7.80E+10
0,-10000,-25000,7.80E+10
0,-10000,-20000,7.80E+10
0,-10000,-15000,7.80E+10
0,-10000,-10000,7.80E+10
0,-10000,-5000,7.80E+10
0,-10000,0,7.80E+10
0,-10000,20000,7.80E+10
70,-5000,-10000,7.80E+10
10,-20000,-25000,7.80E+10
10,-20000,-20000,7.80E+10
10,-20000,-15000,7.80E+10
10,-20000,-10000,7.80E+10
10,-20000,-5000,7.80E+10
10,-20000,0,7.80E+10
10,-20000,5000,7.80E+10
10,-20000,10000,7.80E+10
10,-20000,15000,7.80E+10
10,-20000,20000,7.80E+10
10,-15000,-25000,7.80E+10
10,-15000,-20000,7.80E+10
10,-15000,-15000,7.80E+10
10,-15000,-10000,7.80E+10
10,-15000,-5000,7.80E+10
10,-15000,0,7.80E+10
10,-15000,5000,7.80E+10
10,-15000,10000,7.80E+10
10,-15000,15000,7.80E+10
10,-15000,20000,7.80E+10
10,-10000,-25000,7.80E+10
10,-10000,-20000,7.80E+10
10,-10000,-15000,7.80E+10
10,-10000,-10000,7.80E+10
10,-10000,5000,7.80E+10
10,-10000,10000,7.80E+10
10,-10000,15000,7.80E+10
10,-10000,20000,7.80E+10
350,-20000,-25000,7.80E+10
350,-20000,-20000,7.80E+10
350,-20000,-15000,7.80E+10
350,-20000,-10000,7.80E+10
350,-20000,-5000,7.80E+10
350,-20000,0,7.80E+10
350,-20000,5000,7.80E+10
350,-20000,10000,7.80E+10
350,-20000,15000,7.80E+10
350,-20000,20000,7.80E+10
350,-15000,-25000,7.80E+10
350,-15000,-20000,7.80E+10
350,-15000,-15000,7.80E+10
350,-15000,-10000,7.80E+10
350,-15000,-5000,7.80E+10
350,-15000,0,7.80E+10
350,-15000,5000,7.80E+10
350,-15000,10000,7.80E+10
350,-15000,15000,7.80E+10
350,-15000,20000,7.80E+10
350,-10000,-25000,7.80E+10
350,-10000,-20000,7.80E+10
350,-10000,-15000,7.80E+10
350,-10000,-10000,7.80E+10
350,-10000,-5000,7.80E+10
350,-10000,10000,7.80E+10
350,-10000,20000,7.80E+10
310,-5000,15000,7.80E+10
50,-5000,0,7.80E+10
120,5000,5000,7.80E+10
50,-5000,5000,7.80E+10
20,-20000,-25000,7.80E+10
20,-20000,-20000,7.80E+10
20,-20000,-15000,7.80E+10
20,-20000,-10000,7.80E+10
20,-20000,-5000,7.80E+10
20,-20000,0,7.80E+10
20,-20000,5000,7.80E+10
20,-20000,10000,7.80E+10
20,-20000,15000,7.80E+10
20,-20000,20000,7.80E+10
20,-15000,-25000,7.80E+10
20,-15000,-20000,7.80E+10
20,-15000,-15000,7.80E+10
20,-15000,-10000,7.80E+10
20,-15000,-5000,7.80E+10
20,-15000,0,7.80E+10
20,-15000,5000,7.80E+10
20,-15000,10000,7.80E+10
20,-15000,15000,7.80E+10
20,-15000,20000,7.80E+10
20,-10000,-25000,7.80E+10
20,-10000,-20000,7.80E+10
20,-10000,-15000,7.80E+10
20,-10000,-10000,7.80E+10
20,-10000,5000,7.80E+10
20,-10000,10000,7.80E+10
20,-10000,15000,7.80E+10
20,-10000,20000,7.80E+10
340,-20000,-25000,7.80E+10
340,-20000,-20000,7.80E+10
340,-20000,-15000,7.80E+10
340,-20000,-10000,7.80E+10
340,-20000,-5000,7.80E+10
340,-20000,0,7.80E+10
340,-20000,5000,7.80E+10
340,-20000,10000,7.80E+10
340,-20000,15000,7.80E+10
340,-20000,20000,7.80E+10
340,-15000,-25000,7.80E+10
340,-15000,-20000,7.80E+10
340,-15000,-15000,7.80E+10
340,-15000,-10000,7.80E+10
340,-15000,-5000,7.80E+10
340,-15000,0,7.80E+10
340,-15000,5000,7.80E+10
340,-15000,10000,7.80E+10
340,-15000,15000,7.80E+10
340,-15000,20000,7.80E+10
340,-10000,-25000,7.80E+10
340,-10000,-20000,7.80E+10
340,-10000,-15000,7.80E+10
340,-10000,-10000,7.80E+10
340,-10000,-5000,7.80E+10
340,-10000,5000,7.80E+10
340,-10000,10000,7.80E+10
340,-10000,15000,7.80E+10
340,-10000,20000,7.80E+10
310,-5000,20000,7.80E+10
50,-5000,10000,7.80E+10
100,0,0,7.80E+10
160,10000,-5000,7.80E+10
200,10000,5000,7.80E+10
30,-20000,-25000,7.80E+10
30,-20000,-20000,7.80E+10
30,-20000,-15000,7.80E+10
30,-20000,-10000,7.80E+10
30,-20000,-5000,7.80E+10
30,-20000,0,7.80E+10
30,-20000,5000,7.80E+10
30,-20000,10000,7.80E+10
30,-20000,15000,7.80E+10
30,-20000,20000,7.80E+10
30,-15000,-25000,7.80E+10
30,-15000,-20000,7.80E+10
30,-15000,-15000,7.80E+10
30,-15000,-10000,7.80E+10
30,-15000,-5000,7.80E+10
30,-15000,0,7.80E+10
30,-15000,5000,7.80E+10
30,-15000,10000,7.80E+10
30,-15000,15000,7.80E+10
30,-15000,20000,7.80E+10
30,-10000,-25000,7.80E+10
30,-10000,-20000,7.80E+10
30,-10000,-15000,7.80E+10
30,-10000,-10000,7.80E+10
30,-10000,0,7.80E+10
30,-10000,5000,7.80E+10
30,-10000,10000,7.80E+10
30,-10000,15000,7.80E+10
30,-10000,20000,7.80E+10
330,-20000,-25000,7.80E+10
330,-20000,-20000,7.80E+10
330,-20000,-15000,7.80E+10
330,-20000,-10000,7.80E+10
330,-20000,-5000,7.80E+10
330,-20000,0,7.80E+10
330,-20000,5000,7.80E+10
330,-20000,10000,7.80E+10
330,-20000,15000,7.80E+10
330,-20000,20000,7.80E+10
330,-15000,-25000,7.80E+10
330,-15000,-20000,7.80E+10
330,-15000,-15000,7.80E+10
330,-15000,-10000,7.80E+10
330,-15000,-5000,7.80E+10
330,-15000,0,7.80E+10
330,-15000,5000,7.80E+10
330,-15000,10000,7.80E+10
330,-15000,15000,7.80E+10
330,-15000,20000,7.80E+10
330,-10000,-25000,7.80E+10
330,-10000,-20000,7.80E+10
330,-10000,-15000,7.80E+10
330,-10000,-10000,7.80E+10
330,-10000,-5000,7.80E+10
330,-10000,0,7.80E+10
330,-10000,10000,7.80E+10
330,-10000,15000,7.80E+10
330,-10000,20000,7.80E+10
310,-5000,5000,7.80E+10
50,-5000,-5000,7.80E+10
50,-5000,15000,7.80E+10
50,-5000,20000,7.80E+10
230,5000,10000,7.80E+10
40,-20000,-25000,7.80E+10
40,-20000,-20000,7.80E+10
40,-20000,-15000,7.80E+10
40,-20000,-10000,7.80E+10
40,-20000,-5000,7.80E+10
40,-20000,0,7.80E+10
40,-20000,5000,7.80E+10
40,-20000,10000,7.80E+10
40,-20000,15000,7.80E+10
40,-20000,20000,7.80E+10
40,-15000,-25000,7.80E+10
40,-15000,-20000,7.80E+10
40,-15000,-15000,7.80E+10
40,-15000,-10000,7.80E+10
40,-15000,-5000,7.80E+10
40,-15000,0,7.80E+10
40,-15000,5000,7.80E+10
40,-15000,10000,7.80E+10
40,-15000,15000,7.80E+10
40,-15000,20000,7.80E+10
40,-10000,-25000,7.80E+10
40,-10000,-20000,7.80E+10
40,-10000,-15000,7.80E+10
40,-10000,-10000,7.80E+10
40,-10000,-5000,7.80E+10
40,-10000,0,7.80E+10
40,-10000,5000,7.80E+10
40,-10000,10000,7.80E+10
40,-10000,15000,7.80E+10
40,-10000,20000,7.80E+10
320,-20000,-25000,7.80E+10
320,-20000,-20000,7.80E+10
320,-20000,-15000,7.80E+10
320,-20000,-10000,7.80E+10
320,-20000,-5000,7.80E+10
320,-20000,0,7.80E+10
320,-20000,5000,7.80E+10
320,-20000,10000,7.80E+10
320,-20000,15000,7.80E+10
320,-20000,20000,7.80E+10
320,-15000,-25000,7.80E+10
320,-15000,-20000,7.80E+10
320,-15000,-15000,7.80E+10
320,-15000,-10000,7.80E+10
320,-15000,-5000,7.80E+10
320,-15000,0,7.80E+10
320,-15000,5000,7.80E+10
320,-15000,10000,7.80E+10
320,-15000,15000,7.80E+10
320,-15000,20000,7.80E+10
320,-10000,-25000,7.80E+10
320,-10000,-20000,7.80E+10
320,-10000,-15000,7.80E+10
320,-10000,-10000,7.80E+10
320,-10000,-5000,7.80E+10
320,-10000,0,7.80E+10
320,-10000,10000,7.80E+10
320,-10000,15000,7.80E+10
320,-10000,20000,7.80E+10
60,-5000,-10000,7.80E+10
120,5000,-5000,7.80E+10
280,-5000,10000,7.80E+10
210,5000,5000,7.80E+10
300,-5000,5000,7.80E+10
50,-20000,-25000,7.80E+10
50,-20000,-20000,7.80E+10
50,-20000,-15000,7.80E+10
50,-20000,-10000,7.80E+10
50,-20000,-5000,7.80E+10
50,-20000,0,7.80E+10
50,-20000,5000,7.80E+10
50,-20000,10000,7.80E+10
50,-20000,15000,7.80E+10
50,-20000,20000,7.80E+10
50,-15000,-25000,7.80E+10
50,-15000,-20000,7.80E+10
50,-15000,-15000,7.80E+10
50,-15000,-10000,7.80E+10
50,-15000,-5000,7.80E+10
50,-15000,0,7.80E+10
50,-15000,5000,7.80E+10
50,-15000,10000,7.80E+10
50,-15000,15000,7.80E+10
50,-15000,20000,7.80E+10
50,-10000,-25000,7.80E+10
50,-10000,-20000,7.80E+10
50,-10000,-15000,7.80E+10
50,-10000,-10000,7.80E+10
50,-10000,-5000,7.80E+10
50,-10000,0,7.80E+10
50,-10000,5000,7.80E+10
50,-10000,10000,7.80E+10
50,-10000,15000,7.80E+10
50,-10000,20000,7.80E+10
310,-20000,-25000,7.80E+10
310,-20000,-20000,7.80E+10
310,-20000,-15000,7.80E+10
310,-20000,-10000,7.80E+10
310,-20000,-5000,7.80E+10
310,-20000,0,7.80E+10
310,-20000,5000,7.80E+10
310,-20000,10000,7.80E+10
310,-20000,15000,7.80E+10
310,-20000,20000,7.80E+10
310,-15000,-25000,7.80E+10
310,-15000,-20000,7.80E+10
310,-15000,-15000,7.80E+10
310,-15000,-10000,7.80E+10
310,-15000,-5000,7.80E+10
310,-15000,0,7.80E+10
310,-15000,5000,7.80E+10
310,-15000,10000,7.80E+10
310,-15000,15000,7.80E+10
310,-15000,20000,7.80E+10
310,-10000,-25000,7.80E+10
310,-10000,-20000,7.80E+10
310,-10000,-15000,7.80E+10
310,-10000,-10000,7.80E+10
310,-10000,-5000,7.80E+10
310,-10000,0,7.80E+10
310,-10000,5000,7.80E+10
310,-10000,10000,7.80E+10
310,-10000,15000,7.80E+10
310,-10000,20000,7.80E+10
290,-5000,10000,7.80E+10
170,10000,0,7.80E+10
230,5000,5000,7.80E+10
60,-20000,-25000,7.80E+10
60,-20000,-20000,7.80E+10
60,-20000,-15000,7.80E+10
60,-20000,-10000,7.80E+10
60,-20000,-5000,7.80E+10
60,-20000,0,7.80E+10
60,-20000,5000,7.80E+10
60,-20000,10000,7.80E+10
60,-20000,15000,7.80E+10
60,-20000,20000,7.80E+10
60,-15000,-25000,7.80E+10
60,-15000,-20000,7.80E+10
60,-15000,-15000,7.80E+10
60,-15000,-10000,7.80E+10
60,-15000,-5000,7.80E+10
60,-15000,0,7.80E+10
60,-15000,5000,7.80E+10
60,-15000,10000,7.80E+10
60,-15000,15000,7.80E+10
60,-15000,20000,7.80E+10
60,-10000,-25000,7.80E+10
60,-10000,-20000,7.80E+10
60,-10000,-15000,7.80E+10
60,-10000,-10000,7.80E+10
60,-10000,-5000,7.80E+10
60,-10000,0,7.80E+10
60,-10000,5000,7.80E+10
60,-10000,10000,7.80E+10
60,-10000,15000,7.80E+10
60,-10000,20000,7.80E+10
60,-5000,-25000,7.80E+10
60,-5000,-20000,7.80E+10
60,-5000,-15000,7.80E+10
60,-5000,-5000,7.80E+10
60,-5000,5000,7.80E+10
60,-5000,10000,7.80E+10
60,-5000,15000,7.80E+10
300,-20000,-25000,7.80E+10
300,-20000,-20000,7.80E+10
300,-20000,-15000,7.80E+10
300,-20000,-10000,7.80E+10
300,-20000,-5000,7.80E+10
300,-20000,0,7.80E+10
300,-20000,5000,7.80E+10
300,-20000,10000,7.80E+10
300,-20000,15000,7.80E+10
300,-20000,20000,7.80E+10
300,-15000,-25000,7.80E+10
300,-15000,-20000,7.80E+10
300,-15000,-15000,7.80E+10
300,-15000,-10000,7.80E+10
300,-15000,-5000,7.80E+10
300,-15000,0,7.80E+10
300,-15000,5000,7.80E+10
300,-15000,10000,7.80E+10
300,-15000,15000,7.80E+10
300,-15000,20000,7.80E+10
300,-10000,-25000,7.80E+10
300,-10000,-20000,7.80E+10
300,-10000,-15000,7.80E+10
300,-10000,-10000,7.80E+10
300,-10000,-5000,7.80E+10
300,-10000,0,7.80E+10
300,-10000,5000,7.80E+10
300,-10000,10000,7.80E+10
300,-10000,15000,7.80E+10
300,-10000,20000,7.80E+10
300,-5000,-25000,7.80E+10
300,-5000,-20000,7.80E+10
300,-5000,-15000,7.80E+10
300,-5000,-10000,7.80E+10
300,-5000,-5000,7.80E+10
300,-5000,0,7.80E+10
300,-5000,10000,7.80E+10
300,-5000,20000,7.80E+10
180,10000,0,7.80E+10
220,5000,5000,7.80E+10
70,-20000,-25000,7.80E+10
70,-20000,-20000,7.80E+10
70,-20000,-15000,7.80E+10
70,-20000,-10000,7.80E+10
70,-20000,-5000,7.80E+10
70,-20000,0,7.80E+10
70,-20000,5000,7.80E+10
70,-20000,10000,7.80E+10
70,-20000,15000,7.80E+10
70,-20000,20000,7.80E+10
70,-15000,-25000,7.80E+10
70,-15000,-20000,7.80E+10
70,-15000,-15000,7.80E+10
70,-15000,-10000,7.80E+10
70,-15000,-5000,7.80E+10
70,-15000,0,7.80E+10
70,-15000,5000,7.80E+10
70,-15000,10000,7.80E+10
70,-15000,15000,7.80E+10
70,-15000,20000,7.80E+10
70,-10000,-25000,7.80E+10
70,-10000,-20000,7.80E+10
70,-10000,-15000,7.80E+10
70,-10000,-10000,7.80E+10
70,-10000,-5000,7.80E+10
70,-10000,0,7.80E+10
70,-10000,5000,7.80E+10
70,-10000,10000,7.80E+10
70,-10000,15000,7.80E+10
70,-10000,20000,7.80E+10
70,-5000,-25000,7.80E+10
70,-5000,-20000,7.80E+10
70,-5000,-15000,7.80E+10
70,-5000,-5000,7.80E+10
70,-5000,0,7.80E+10
70,-5000,5000,7.80E+10
70,-5000,10000,7.80E+10
70,-5000,15000,7.80E+10
290,-20000,-25000,7.80E+10
290,-20000,-20000,7.80E+10
290,-20000,-15000,7.80E+10
290,-20000,-10000,7.80E+10
290,-20000,-5000,7.80E+10
290,-20000,0,7.80E+10
290,-20000,5000,7.80E+10
290,-20000,10000,7.80E+10
290,-20000,15000,7.80E+10
290,-20000,20000,7.80E+10
290,-15000,-25000,7.80E+10
290,-15000,-20000,7.80E+10
290,-15000,-15000,7.80E+10
290,-15000,-10000,7.80E+10
290,-15000,-5000,7.80E+10
290,-15000,0,7.80E+10
290,-15000,5000,7.80E+10
290,-15000,10000,7.80E+10
290,-15000,15000,7.80E+10
290,-15000,20000,7.80E+10
290,-10000,-25000,7.80E+10
290,-10000,-20000,7.80E+10
290,-10000,-15000,7.80E+10
290,-10000,-10000,7.80E+10
290,-10000,-5000,7.80E+10
290,-10000,0,7.80E+10
290,-10000,5000,7.80E+10
290,-10000,10000,7.80E+10
290,-10000,15000,7.80E+10
290,-10000,20000,7.80E+10
290,-5000,-25000,7.80E+10
290,-5000,-20000,7.80E+10
290,-5000,-15000,7.80E+10
290,-5000,-10000,7.80E+10
290,-5000,-5000,7.80E+10
290,-5000,0,7.80E+10
290,-5000,15000,7.80E+10
290,-5000,20000,7.80E+10
130,5000,-5000,7.80E+10
140,5000,-5000,7.80E+10
120,5000,20000,7.80E+10
80,-20000,-25000,7.80E+10
80,-20000,-20000,7.80E+10
80,-20000,-15000,7.80E+10
80,-20000,-10000,7.80E+10
80,-20000,-5000,7.80E+10
80,-20000,0,7.80E+10
80,-20000,5000,7.80E+10
80,-20000,10000,7.80E+10
80,-20000,15000,7.80E+10
80,-20000,20000,7.80E+10
80,-15000,-25000,7.80E+10
80,-15000,-20000,7.80E+10
80,-15000,-15000,7.80E+10
80,-15000,-10000,7.80E+10
80,-15000,-5000,7.80E+10
80,-15000,0,7.80E+10
80,-15000,5000,7.80E+10
80,-15000,10000,7.80E+10
80,-15000,15000,7.80E+10
80,-15000,20000,7.80E+10
80,-10000,-25000,7.80E+10
80,-10000,-20000,7.80E+10
80,-10000,-15000,7.80E+10
80,-10000,-10000,7.80E+10
80,-10000,-5000,7.80E+10
80,-10000,0,7.80E+10
80,-10000,5000,7.80E+10
80,-10000,10000,7.80E+10
80,-10000,15000,7.80E+10
80,-10000,20000,7.80E+10
80,-5000,-25000,7.80E+10
80,-5000,-20000,7.80E+10
80,-5000,-15000,7.80E+10
80,-5000,-10000,7.80E+10
80,-5000,-5000,7.80E+10
80,-5000,0,7.80E+10
80,-5000,5000,7.80E+10
80,-5000,10000,7.80E+10
80,-5000,15000,7.80E+10
280,-20000,-25000,7.80E+10
280,-20000,-20000,7.80E+10
280,-20000,-15000,7.80E+10
280,-20000,-10000,7.80E+10
280,-20000,-5000,7.80E+10
280,-20000,0,7.80E+10
280,-20000,5000,7.80E+10
280,-20000,10000,7.80E+10
280,-20000,15000,7.80E+10
280,-20000,20000,7.80E+10
280,-15000,-25000,7.80E+10
280,-15000,-20000,7.80E+10
280,-15000,-15000,7.80E+10
280,-15000,-10000,7.80E+10
280,-15000,-5000,7.80E+10
280,-15000,0,7.80E+10
280,-15000,5000,7.80E+10
280,-15000,10000,7.80E+10
280,-15000,15000,7.80E+10
280,-15000,20000,7.80E+10
280,-10000,-25000,7.80E+10
280,-10000,-20000,7.80E+10
280,-10000,-15000,7.80E+10
280,-10000,-10000,7.80E+10
280,-10000,-5000,7.80E+10
280,-10000,0,7.80E+10
280,-10000,5000,7.80E+10
280,-10000,10000,7.80E+10
280,-10000,15000,7.80E+10
280,-10000,20000,7.80E+10
280,-5000,-25000,7.80E+10
280,-5000,-20000,7.80E+10
280,-5000,-15000,7.80E+10
280,-5000,-10000,7.80E+10
280,-5000,-5000,7.80E+10
280,-5000,0,7.80E+10
280,-5000,5000,7.80E+10
280,-5000,15000,7.80E+10
280,-5000,20000,7.80E+10
110,0,-10000,7.80E+10
200,5000,5000,7.80E+10
90,-20000,-25000,7.80E+10
90,-20000,-20000,7.80E+10
90,-20000,-15000,7.80E+10
90,-20000,-10000,7.80E+10
90,-20000,-5000,7.80E+10
90,-20000,0,7.80E+10
90,-20000,5000,7.80E+10
90,-20000,10000,7.80E+10
90,-20000,15000,7.80E+10
90,-20000,20000,7.80E+10
90,-15000,-25000,7.80E+10
90,-15000,-20000,7.80E+10
90,-15000,-15000,7.80E+10
90,-15000,-10000,7.80E+10
90,-15000,-5000,7.80E+10
90,-15000,0,7.80E+10
90,-15000,5000,7.80E+10
90,-15000,10000,7.80E+10
90,-15000,15000,7.80E+10
90,-15000,20000,7.80E+10
90,-10000,-25000,7.80E+10
90,-10000,-20000,7.80E+10
90,-10000,-15000,7.80E+10
90,-10000,-10000,7.80E+10
90,-10000,-5000,7.80E+10
90,-10000,0,7.80E+10
90,-10000,5000,7.80E+10
90,-10000,10000,7.80E+10
90,-10000,15000,7.80E+10
90,-10000,20000,7.80E+10
90,-5000,-25000,7.80E+10
90,-5000,-20000,7.80E+10
90,-5000,-15000,7.80E+10
90,-5000,-10000,7.80E+10
90,-5000,-5000,7.80E+10
90,-5000,0,7.80E+10
90,-5000,5000,7.80E+10
90,-5000,10000,7.80E+10
90,-5000,15000,7.80E+10
90,-5000,20000,7.80E+10
90,0,-25000,7.80E+10
90,0,-20000,7.80E+10
90,0,-15000,7.80E+10
90,0,-10000,7.80E+10
90,0,-5000,7.80E+10
90,0,0,7.80E+10
90,0,5000,7.80E+10
90,0,10000,7.80E+10
90,0,15000,7.80E+10
90,0,20000,7.80E+10
270,-20000,-25000,7.80E+10
270,-20000,-20000,7.80E+10
270,-20000,-15000,7.80E+10
270,-20000,-10000,7.80E+10
270,-20000,-5000,7.80E+10
270,-20000,0,7.80E+10
270,-20000,5000,7.80E+10
270,-20000,10000,7.80E+10
270,-20000,15000,7.80E+10
270,-20000,20000,7.80E+10
270,-15000,-25000,7.80E+10
270,-15000,-20000,7.80E+10
270,-15000,-15000,7.80E+10
270,-15000,-10000,7.80E+10
270,-15000,-5000,7.80E+10
270,-15000,0,7.80E+10
270,-15000,5000,7.80E+10
270,-15000,10000,7.80E+10
270,-15000,15000,7.80E+10
270,-15000,20000,7.80E+10
270,-10000,-25000,7.80E+10
270,-10000,-20000,7.80E+10
270,-10000,-15000,7.80E+10
270,-10000,-10000,7.80E+10
270,-10000,-5000,7.80E+10
270,-10000,0,7.80E+10
270,-10000,5000,7.80E+10
270,-10000,10000,7.80E+10
270,-10000,15000,7.80E+10
270,-10000,20000,7.80E+10
270,-5000,-25000,7.80E+10
270,-5000,-20000,7.80E+10
270,-5000,-15000,7.80E+10
270,-5000,-10000,7.80E+10
270,-5000,-5000,7.80E+10
270,-5000,0,7.80E+10
270,-5000,5000,7.80E+10
270,-5000,10000,7.80E+10
270,-5000,15000,7.80E+10
270,-5000,20000,7.80E+10
270,0,-25000,7.80E+10
270,0,-20000,7.80E+10
270,0,-15000,7.80E+10
270,0,-10000,7.80E+10
270,0,-5000,7.80E+10
270,0,0,7.80E+10
270,0,5000,7.80E+10
270,0,10000,7.80E+10
270,0,15000,7.80E+10
270,0,20000,7.80E+10
100,-20000,-25000,7.80E+10
100,-20000,-20000,7.80E+10
100,-20000,-15000,7.80E+10
100,-20000,-10000,7.80E+10
100,-20000,-5000,7.80E+10
100,-20000,0,7.80E+10
100,-20000,5000,7.80E+10
100,-20000,10000,7.80E+10
100,-20000,15000,7.80E+10
100,-20000,20000,7.80E+10
100,-15000,-25000,7.80E+10
100,-15000,-20000,7.80E+10
100,-15000,-15000,7.80E+10
100,-15000,-10000,7.80E+10
100,-15000,-5000,7.80E+10
100,-15000,0,7.80E+10
100,-15000,5000,7.80E+10
100,-15000,10000,7.80E+10
100,-15000,15000,7.80E+10
100,-15000,20000,7.80E+10
100,-10000,-25000,7.80E+10
100,-10000,-20000,7.80E+10
100,-10000,-15000,7.80E+10
100,-10000,-10000,7.80E+10
100,-10000,-5000,7.80E+10
100,-10000,0,7.80E+10
100,-10000,5000,7.80E+10
100,-10000,10000,7.80E+10
100,-10000,15000,7.80E+10
100,-10000,20000,7.80E+10
100,-5000,-25000,7.80E+10
100,-5000,-20000,7.80E+10
100,-5000,-15000,7.80E+10
100,-5000,-10000,7.80E+10
100,-5000,-5000,7.80E+10
100,-5000,0,7.80E+10
100,-5000,5000,7.80E+10
100,-5000,10000,7.80E+10
100,-5000,15000,7.80E+10
100,-5000,20000,7.80E+10
100,0,-25000,7.80E+10
100,0,-20000,7.80E+10
100,0,-15000,7.80E+10
100,0,-5000,7.80E+10
100,0,10000,7.80E+10
100,0,15000,7.80E+10
260,-20000,-25000,7.80E+10
260,-20000,-20000,7.80E+10
260,-20000,-15000,7.80E+10
260,-20000,-10000,7.80E+10
260,-20000,-5000,7.80E+10
260,-20000,0,7.80E+10
260,-20000,5000,7.80E+10
260,-20000,10000,7.80E+10
260,-20000,15000,7.80E+10
260,-20000,20000,7.80E+10
260,-15000,-25000,7.80E+10
260,-15000,-20000,7.80E+10
260,-15000,-15000,7.80E+10
260,-15000,-10000,7.80E+10
260,-15000,-5000,7.80E+10
260,-15000,0,7.80E+10
260,-15000,5000,7.80E+10
260,-15000,10000,7.80E+10
260,-15000,15000,7.80E+10
260,-15000,20000,7.80E+10
260,-10000,-25000,7.80E+10
260,-10000,-20000,7.80E+10
260,-10000,-15000,7.80E+10
260,-10000,-10000,7.80E+10
260,-10000,-5000,7.80E+10
260,-10000,0,7.80E+10
260,-10000,5000,7.80E+10
260,-10000,10000,7.80E+10
260,-10000,15000,7.80E+10
260,-10000,20000,7.80E+10
260,-5000,-25000,7.80E+10
260,-5000,-20000,7.80E+10
260,-5000,-15000,7.80E+10
260,-5000,-10000,7.80E+10
260,-5000,-5000,7.80E+10
260,-5000,0,7.80E+10
260,-5000,5000,7.80E+10
260,-5000,10000,7.80E+10
260,-5000,15000,7.80E+10
260,-5000,20000,7.80E+10
260,0,-25000,7.80E+10
260,0,-20000,7.80E+10
260,0,-15000,7.80E+10
260,0,-10000,7.80E+10
260,0,-5000,7.80E+10
260,0,0,7.80E+10
260,0,5000,7.80E+10
260,0,20000,7.80E+10
110,-20000,-25000,7.80E+10
110,-20000,-20000,7.80E+10
110,-20000,-15000,7.80E+10
110,-20000,-10000,7.80E+10
110,-20000,-5000,7.80E+10
110,-20000,0,7.80E+10
110,-20000,5000,7.80E+10
110,-20000,10000,7.80E+10
110,-20000,15000,7.80E+10
110,-20000,20000,7.80E+10
110,-15000,-25000,7.80E+10
110,-15000,-20000,7.80E+10
110,-15000,-15000,7.80E+10
110,-15000,-10000,7.80E+10
110,-15000,-5000,7.80E+10
110,-15000,0,7.80E+10
110,-15000,5000,7.80E+10
110,-15000,10000,7.80E+10
110,-15000,15000,7.80E+10
110,-15000,20000,7.80E+10
110,-10000,-25000,7.80E+10
110,-10000,-20000,7.80E+10
110,-10000,-15000,7.80E+10
110,-10000,-10000,7.80E+10
110,-10000,-5000,7.80E+10
110,-10000,0,7.80E+10
110,-10000,5000,7.80E+10
110,-10000,10000,7.80E+10
110,-10000,15000,7.80E+10
110,-10000,20000,7.80E+10
110,-5000,-25000,7.80E+10
110,-5000,-20000,7.80E+10
110,-5000,-15000,7.80E+10
110,-5000,-10000,7.80E+10
110,-5000,-5000,7.80E+10
110,-5000,0,7.80E+10
110,-5000,5000,7.80E+10
110,-5000,10000,7.80E+10
110,-5000,15000,7.80E+10
110,-5000,20000,7.80E+10
110,0,-25000,7.80E+10
110,0,-20000,7.80E+10
110,0,-15000,7.80E+10
110,0,0,7.80E+10
110,0,5000,7.80E+10
110,0,10000,7.80E+10
110,0,15000,7.80E+10
250,-20000,-25000,7.80E+10
250,-20000,-20000,7.80E+10
250,-20000,-15000,7.80E+10
250,-20000,-10000,7.80E+10
250,-20000,-5000,7.80E+10
250,-20000,0,7.80E+10
250,-20000,5000,7.80E+10
250,-20000,10000,7.80E+10
250,-20000,15000,7.80E+10
250,-20000,20000,7.80E+10
250,-15000,-25000,7.80E+10
250,-15000,-20000,7.80E+10
250,-15000,-15000,7.80E+10
250,-15000,-10000,7.80E+10
250,-15000,-5000,7.80E+10
250,-15000,0,7.80E+10
250,-15000,5000,7.80E+10
250,-15000,10000,7.80E+10
250,-15000,15000,7.80E+10
250,-15000,20000,7.80E+10
250,-10000,-25000,7.80E+10
250,-10000,-20000,7.80E+10
250,-10000,-15000,7.80E+10
250,-10000,-10000,7.80E+10
250,-10000,-5000,7.80E+10
250,-10000,0,7.80E+10
250,-10000,5000,7.80E+10
250,-10000,10000,7.80E+10
250,-10000,15000,7.80E+10
250,-10000,20000,7.80E+10
250,-5000,-25000,7.80E+10
250,-5000,-20000,7.80E+10
250,-5000,-15000,7.80E+10
250,-5000,-10000,7.80E+10
250,-5000,-5000,7.80E+10
250,-5000,0,7.80E+10
250,-5000,5000,7.80E+10
250,-5000,10000,7.80E+10
250,-5000,15000,7.80E+10
250,-5000,20000,7.80E+10
250,0,-25000,7.80E+10
250,0,-20000,7.80E+10
250,0,-15000,7.80E+10
250,0,-10000,7.80E+10
250,0,-5000,7.80E+10
250,0,0,7.80E+10
250,0,5000,7.80E+10
250,0,15000,7.80E+10
250,0,20000,7.80E+10
120,-20000,-25000,7.80E+10
120,-20000,-20000,7.80E+10
120,-20000,-15000,7.80E+10
120,-20000,-10000,7.80E+10
120,-20000,-5000,7.80E+10
120,-20000,0,7.80E+10
120,-20000,5000,7.80E+10
120,-20000,10000,7.80E+10
120,-20000,15000,7.80E+10
120,-20000,20000,7.80E+10
120,-15000,-25000,7.80E+10
120,-15000,-20000,7.80E+10
120,-15000,-15000,7.80E+10
120,-15000,-10000,7.80E+10
120,-15000,-5000,7.80E+10
120,-15000,0,7.80E+10
120,-15000,5000,7.80E+10
120,-15000,10000,7.80E+10
120,-15000,15000,7.80E+10
120,-15000,20000,7.80E+10
120,-10000,-25000,7.80E+10
120,-10000,-20000,7.80E+10
120,-10000,-15000,7.80E+10
120,-10000,-10000,7.80E+10
120,-10000,-5000,7.80E+10
120,-10000,0,7.80E+10
120,-10000,5000,7.80E+10
120,-10000,10000,7.80E+10
120,-10000,15000,7.80E+10
120,-10000,20000,7.80E+10
120,-5000,-25000,7.80E+10
120,-5000,-20000,7.80E+10
120,-5000,-15000,7.80E+10
120,-5000,-10000,7.80E+10
120,-5000,-5000,7.80E+10
120,-5000,0,7.80E+10
120,-5000,5000,7.80E+10
120,-5000,10000,7.80E+10
120,-5000,15000,7.80E+10
120,-5000,20000,7.80E+10
120,0,-25000,7.80E+10
120,0,-20000,7.80E+10
120,0,-15000,7.80E+10
120,0,-10000,7.80E+10
120,0,-5000,7.80E+10
120,0,0,7.80E+10
120,0,5000,7.80E+10
120,0,10000,7.80E+10
120,0,15000,7.80E+10
120,0,20000,7.80E+10
240,-20000,-20000,7.80E+10
240,-20000,-15000,7.80E+10
240,-20000,-10000,7.80E+10
240,-20000,-5000,7.80E+10
240,-20000,0,7.80E+10
240,-20000,5000,7.80E+10
240,-20000,10000,7.80E+10
240,-20000,15000,7.80E+10
240,-20000,20000,7.80E+10
240,-15000,-25000,7.80E+10
240,-15000,-20000,7.80E+10
240,-15000,-15000,7.80E+10
240,-15000,-10000,7.80E+10
240,-15000,-5000,7.80E+10
240,-15000,0,7.80E+10
240,-15000,5000,7.80E+10
240,-15000,10000,7.80E+10
240,-15000,15000,7.80E+10
240,-15000,20000,7.80E+10
240,-10000,-25000,7.80E+10
240,-10000,-20000,7.80E+10
240,-10000,-15000,7.80E+10
240,-10000,-10000,7.80E+10
240,-10000,-5000,7.80E+10
240,-10000,0,7.80E+10
240,-10000,5000,7.80E+10
240,-10000,10000,7.80E+10
240,-10000,15000,7.80E+10
240,-10000,20000,7.80E+10
240,-5000,-25000,7.80E+10
240,-5000,-20000,7.80E+10
240,-5000,-15000,7.80E+10
240,-5000,-10000,7.80E+10
240,-5000,-5000,7.80E+10
240,-5000,0,7.80E+10
240,-5000,5000,7.80E+10
240,-5000,10000,7.80E+10
240,-5000,15000,7.80E+10
240,-5000,20000,7.80E+10
240,0,-20000,7.80E+10
240,0,-15000,7.80E+10
240,0,-10000,7.80E+10
240,0,-5000,7.80E+10
240,0,0,7.80E+10
240,0,5000,7.80E+10
240,0,10000,7.80E+10
240,0,15000,7.80E+10
240,0,20000,7.80E+10
160,5000,-5000,7.80E+10
130,-20000,-25000,7.80E+10
130,-20000,-20000,7.80E+10
130,-20000,-15000,7.80E+10
130,-20000,-10000,7.80E+10
130,-20000,-5000,7.80E+10
130,-20000,0,7.80E+10
130,-20000,5000,7.80E+10
130,-20000,10000,7.80E+10
130,-20000,15000,7.80E+10
130,-20000,20000,7.80E+10
130,-15000,-25000,7.80E+10
130,-15000,-20000,7.80E+10
130,-15000,-15000,7.80E+10
130,-15000,-10000,7.80E+10
130,-15000,-5000,7.80E+10
130,-15000,0,7.80E+10
130,-15000,5000,7.80E+10
130,-15000,10000,7.80E+10
130,-15000,15000,7.80E+10
130,-15000,20000,7.80E+10
130,-10000,-25000,7.80E+10
130,-10000,-20000,7.80E+10
130,-10000,-15000,7.80E+10
130,-10000,-10000,7.80E+10
130,-10000,-5000,7.80E+10
130,-10000,0,7.80E+10
130,-10000,5000,7.80E+10
130,-10000,10000,7.80E+10
130,-10000,15000,7.80E+10
130,-10000,20000,7.80E+10
130,-5000,-25000,7.80E+10
130,-5000,-20000,7.80E+10
130,-5000,-15000,7.80E+10
130,-5000,-10000,7.80E+10
130,-5000,-5000,7.80E+10
130,-5000,0,7.80E+10
130,-5000,5000,7.80E+10
130,-5000,10000,7.80E+10
130,-5000,15000,7.80E+10
130,-5000,20000,7.80E+10
130,0,-25000,7.80E+10
130,0,-20000,7.80E+10
130,0,-15000,7.80E+10
130,0,-10000,7.80E+10
130,0,-5000,7.80E+10
130,0,0,7.80E+10
130,0,5000,7.80E+10
130,0,10000,7.80E+10
130,0,15000,7.80E+10
130,0,20000,7.80E+10
130,5000,-25000,7.80E+10
130,5000,-20000,7.80E+10
130,5000,-15000,7.80E+10
130,5000,5000,7.80E+10
130,5000,15000,7.80E+10
230,-20000,-25000,7.80E+10
230,-20000,-20000,7.80E+10
230,-20000,-15000,7.80E+10
230,-20000,-10000,7.80E+10
230,-20000,-5000,7.80E+10
230,-20000,0,7.80E+10
230,-20000,5000,7.80E+10
230,-20000,10000,7.80E+10
230,-20000,15000,7.80E+10
230,-20000,20000,7.80E+10
230,-15000,-25000,7.80E+10
230,-15000,-20000,7.80E+10
230,-15000,-15000,7.80E+10
230,-15000,-10000,7.80E+10
230,-15000,-5000,7.80E+10
230,-15000,0,7.80E+10
230,-15000,5000,7.80E+10
230,-15000,10000,7.80E+10
230,-15000,15000,7.80E+10
230,-15000,20000,7.80E+10
230,-10000,-25000,7.80E+10
230,-10000,-20000,7.80E+10
230,-10000,-15000,7.80E+10
230,-10000,-10000,7.80E+10
230,-10000,-5000,7.80E+10
230,-10000,0,7.80E+10
230,-10000,5000,7.80E+10
230,-10000,10000,7.80E+10
230,-10000,15000,7.80E+10
230,-10000,20000,7.80E+10
230,-5000,-25000,7.80E+10
230,-5000,-20000,7.80E+10
230,-5000,-15000,7.80E+10
230,-5000,-10000,7.80E+10
230,-5000,-5000,7.80E+10
230,-5000,0,7.80E+10
230,-5000,5000,7.80E+10
230,-5000,10000,7.80E+10
230,-5000,15000,7.80E+10
230,-5000,20000,7.80E+10
230,0,-20000,7.80E+10
230,0,-15000,7.80E+10
230,0,-10000,7.80E+10
230,0,-5000,7.80E+10
230,0,0,7.80E+10
230,0,5000,7.80E+10
230,0,10000,7.80E+10
230,0,15000,7.80E+10
230,0,20000,7.80E+10
230,5000,-25000,7.80E+10
230,5000,-20000,7.80E+10
230,5000,-15000,7.80E+10
230,5000,-10000,7.80E+10
230,5000,-5000,7.80E+10
230,5000,0,7.80E+10
140,-20000,-25000,7.80E+10
140,-20000,-20000,7.80E+10
140,-20000,-15000,7.80E+10
140,-20000,-10000,7.80E+10
140,-20000,-5000,7.80E+10
140,-20000,0,7.80E+10
140,-20000,5000,7.80E+10
140,-20000,10000,7.80E+10
140,-20000,15000,7.80E+10
140,-20000,20000,7.80E+10
140,-15000,-25000,7.80E+10
140,-15000,-20000,7.80E+10
140,-15000,-15000,7.80E+10
140,-15000,-10000,7.80E+10
140,-15000,-5000,7.80E+10
140,-15000,0,7.80E+10
140,-15000,5000,7.80E+10
140,-15000,10000,7.80E+10
140,-15000,15000,7.80E+10
140,-15000,20000,7.80E+10
140,-10000,-25000,7.80E+10
140,-10000,-20000,7.80E+10
140,-10000,-15000,7.80E+10
140,-10000,-10000,7.80E+10
140,-10000,-5000,7.80E+10
140,-10000,0,7.80E+10
140,-10000,5000,7.80E+10
140,-10000,10000,7.80E+10
140,-10000,15000,7.80E+10
140,-10000,20000,7.80E+10
140,-5000,-25000,7.80E+10
140,-5000,-20000,7.80E+10
140,-5000,-15000,7.80E+10
140,-5000,-10000,7.80E+10
140,-5000,-5000,7.80E+10
140,-5000,0,7.80E+10
140,-5000,5000,7.80E+10
140,-5000,10000,7.80E+10
140,-5000,15000,7.80E+10
140,-5000,20000,7.80E+10
140,0,-25000,7.80E+10
140,0,-20000,7.80E+10
140,0,-15000,7.80E+10
140,0,-10000,7.80E+10
140,0,-5000,7.80E+10
140,0,0,7.80E+10
140,0,5000,7.80E+10
140,0,10000,7.80E+10
140,0,15000,7.80E+10
140,0,20000,7.80E+10
140,5000,-25000,7.80E+10
140,5000,-20000,7.80E+10
140,5000,-15000,7.80E+10
140,5000,-10000,7.80E+10
140,5000,15000,7.80E+10
140,5000,20000,7.80E+10
220,-20000,-25000,7.80E+10
220,-20000,-20000,7.80E+10
220,-20000,-15000,7.80E+10
220,-20000,-10000,7.80E+10
220,-20000,-5000,7.80E+10
220,-20000,0,7.80E+10
220,-20000,5000,7.80E+10
220,-20000,10000,7.80E+10
220,-20000,15000,7.80E+10
220,-20000,20000,7.80E+10
220,-15000,-25000,7.80E+10
220,-15000,-20000,7.80E+10
220,-15000,-15000,7.80E+10
220,-15000,-10000,7.80E+10
220,-15000,-5000,7.80E+10
220,-15000,0,7.80E+10
220,-15000,5000,7.80E+10
220,-15000,10000,7.80E+10
220,-15000,15000,7.80E+10
220,-15000,20000,7.80E+10
220,-10000,-25000,7.80E+10
220,-10000,-20000,7.80E+10
220,-10000,-15000,7.80E+10
220,-10000,-10000,7.80E+10
220,-10000,-5000,7.80E+10
220,-10000,0,7.80E+10
220,-10000,5000,7.80E+10
220,-10000,10000,7.80E+10
220,-10000,15000,7.80E+10
220,-10000,20000,7.80E+10
220,-5000,-25000,7.80E+10
220,-5000,-20000,7.80E+10
220,-5000,-15000,7.80E+10
220,-5000,-10000,7.80E+10
220,-5000,-5000,7.80E+10
220,-5000,0,7.80E+10
220,-5000,5000,7.80E+10
220,-5000,10000,7.80E+10
220,-5000,15000,7.80E+10
220,-5000,20000,7.80E+10
220,0,-25000,7.80E+10
220,0,-20000,7.80E+10
220,0,-15000,7.80E+10
220,0,-10000,7.80E+10
220,0,-5000,7.80E+10
220,0,0,7.80E+10
220,0,5000,7.80E+10
220,0,10000,7.80E+10
220,0,15000,7.80E+10
220,0,20000,7.80E+10
220,5000,-25000,7.80E+10
220,5000,-20000,7.80E+10
220,5000,-15000,7.80E+10
220,5000,-10000,7.80E+10
220,5000,-5000,7.80E+10
220,5000,0,7.80E+10
150,-20000,-25000,7.80E+10
150,-20000,-20000,7.80E+10
150,-20000,-15000,7.80E+10
150,-20000,-10000,7.80E+10
150,-20000,-5000,7.80E+10
150,-20000,0,7.80E+10
150,-20000,5000,7.80E+10
150,-20000,10000,7.80E+10
150,-20000,15000,7.80E+10
150,-20000,20000,7.80E+10
150,-15000,-25000,7.80E+10
150,-15000,-20000,7.80E+10
150,-15000,-15000,7.80E+10
150,-15000,-10000,7.80E+10
150,-15000,-5000,7.80E+10
150,-15000,0,7.80E+10
150,-15000,5000,7.80E+10
150,-15000,10000,7.80E+10
150,-15000,15000,7.80E+10
150,-15000,20000,7.80E+10
150,-10000,-25000,7.80E+10
150,-10000,-20000,7.80E+10
150,-10000,-15000,7.80E+10
150,-10000,-10000,7.80E+10
150,-10000,-5000,7.80E+10
150,-10000,0,7.80E+10
150,-10000,5000,7.80E+10
150,-10000,10000,7.80E+10
150,-10000,15000,7.80E+10
150,-10000,20000,7.80E+10
150,-5000,-25000,7.80E+10
150,-5000,-20000,7.80E+10
150,-5000,-15000,7.80E+10
150,-5000,-10000,7.80E+10
150,-5000,-5000,7.80E+10
150,-5000,0,7.80E+10
150,-5000,5000,7.80E+10
150,-5000,10000,7.80E+10
150,-5000,15000,7.80E+10
150,-5000,20000,7.80E+10
150,0,-25000,7.80E+10
150,0,-20000,7.80E+10
150,0,-15000,7.80E+10
150,0,-10000,7.80E+10
150,0,-5000,7.80E+10
150,0,0,7.80E+10
150,0,5000,7.80E+10
150,0,10000,7.80E+10
150,0,15000,7.80E+10
150,0,20000,7.80E+10
150,5000,-25000,7.80E+10
150,5000,-20000,7.80E+10
150,5000,-15000,7.80E+10
150,5000,-10000,7.80E+10
150,5000,5000,7.80E+10
150,5000,10000,7.80E+10
150,5000,15000,7.80E+10
150,5000,20000,7.80E+10
210,-20000,-25000,7.80E+10
210,-20000,-20000,7.80E+10
210,-20000,-15000,7.80E+10
210,-20000,-10000,7.80E+10
210,-20000,-5000,7.80E+10
210,-20000,0,7.80E+10
210,-20000,5000,7.80E+10
210,-20000,10000,7.80E+10
210,-20000,15000,7.80E+10
210,-20000,20000,7.80E+10
210,-15000,-25000,7.80E+10
210,-15000,-20000,7.80E+10
210,-15000,-15000,7.80E+10
210,-15000,-10000,7.80E+10
210,-15000,-5000,7.80E+10
210,-15000,0,7.80E+10
210,-15000,5000,7.80E+10
210,-15000,10000,7.80E+10
210,-15000,15000,7.80E+10
210,-15000,20000,7.80E+10
210,-10000,-25000,7.80E+10
210,-10000,-20000,7.80E+10
210,-10000,-15000,7.80E+10
210,-10000,-10000,7.80E+10
210,-10000,-5000,7.80E+10
210,-10000,0,7.80E+10
210,-10000,5000,7.80E+10
210,-10000,10000,7.80E+10
210,-10000,15000,7.80E+10
210,-10000,20000,7.80E+10
210,-5000,-25000,7.80E+10
210,-5000,-20000,7.80E+10
210,-5000,-15000,7.80E+10
210,-5000,-10000,7.80E+10
210,-5000,-5000,7.80E+10
210,-5000,0,7.80E+10
210,-5000,5000,7.80E+10
210,-5000,10000,7.80E+10
210,-5000,15000,7.80E+10
210,-5000,20000,7.80E+10
210,0,-25000,7.80E+10
210,0,-20000,7.80E+10
210,0,-15000,7.80E+10
210,0,-10000,7.80E+10
210,0,-5000,7.80E+10
210,0,0,7.80E+10
210,0,5000,7.80E+10
210,0,10000,7.80E+10
210,0,15000,7.80E+10
210,0,20000,7.80E+10
210,5000,-25000,7.80E+10
210,5000,-20000,7.80E+10
210,5000,-15000,7.80E+10
210,5000,-10000,7.80E+10
210,5000,-5000,7.80E+10
210,5000,0,7.80E+10
210,5000,10000,7.80E+10
210,5000,15000,7.80E+10
210,5000,20000,7.80E+10
160,-20000,-25000,7.80E+10
160,-20000,-20000,7.80E+10
160,-20000,-15000,7.80E+10
160,-20000,-10000,7.80E+10
160,-20000,-5000,7.80E+10
160,-20000,0,7.80E+10
160,-20000,5000,7.80E+10
160,-20000,10000,7.80E+10
160,-20000,15000,7.80E+10
160,-20000,20000,7.80E+10
160,-15000,-25000,7.80E+10
160,-15000,-20000,7.80E+10
160,-15000,-15000,7.80E+10
160,-15000,-10000,7.80E+10
160,-15000,-5000,7.80E+10
160,-15000,0,7.80E+10
160,-15000,5000,7.80E+10
160,-15000,10000,7.80E+10
160,-15000,15000,7.80E+10
160,-15000,20000,7.80E+10
160,-10000,-25000,7.80E+10
160,-10000,-20000,7.80E+10
160,-10000,-15000,7.80E+10
160,-10000,-10000,7.80E+10
160,-10000,-5000,7.80E+10
160,-10000,0,7.80E+10
160,-10000,5000,7.80E+10
160,-10000,10000,7.80E+10
160,-10000,15000,7.80E+10
160,-10000,20000,7.80E+10
160,-5000,-25000,7.80E+10
160,-5000,-20000,7.80E+10
160,-5000,-15000,7.80E+10
160,-5000,-10000,7.80E+10
160,-5000,-5000,7.80E+10
160,-5000,0,7.80E+10
160,-5000,5000,7.80E+10
160,-5000,10000,7.80E+10
160,-5000,15000,7.80E+10
160,-5000,20000,7.80E+10
160,0,-25000,7.80E+10
160,0,-20000,7.80E+10
160,0,-15000,7.80E+10
160,0,-10000,7.80E+10
160,0,-5000,7.80E+10
160,0,0,7.80E+10
160,0,5000,7.80E+10
160,0,10000,7.80E+10
160,0,15000,7.80E+10
160,0,20000,7.80E+10
160,5000,-25000,7.80E+10
160,5000,-20000,7.80E+10
160,5000,-15000,7.80E+10
160,5000,-10000,7.80E+10
160,5000,5000,7.80E+10
160,5000,10000,7.80E+10
160,5000,15000,7.80E+10
160,5000,20000,7.80E+10
200,-20000,-25000,7.80E+10
200,-20000,-20000,7.80E+10
200,-20000,-15000,7.80E+10
200,-20000,-10000,7.80E+10
200,-20000,-5000,7.80E+10
200,-20000,0,7.80E+10
200,-20000,5000,7.80E+10
200,-20000,10000,7.80E+10
200,-20000,15000,7.80E+10
200,-20000,20000,7.80E+10
200,-15000,-25000,7.80E+10
200,-15000,-20000,7.80E+10
200,-15000,-15000,7.80E+10
200,-15000,-10000,7.80E+10
200,-15000,-5000,7.80E+10
200,-15000,0,7.80E+10
200,-15000,5000,7.80E+10
200,-15000,10000,7.80E+10
200,-15000,15000,7.80E+10
200,-15000,20000,7.80E+10
200,-10000,-25000,7.80E+10
200,-10000,-20000,7.80E+10
200,-10000,-15000,7.80E+10
200,-10000,-10000,7.80E+10
200,-10000,-5000,7.80E+10
200,-10000,0,7.80E+10
200,-10000,5000,7.80E+10
200,-10000,10000,7.80E+10
200,-10000,15000,7.80E+10
200,-10000,20000,7.80E+10
200,-5000,-25000,7.80E+10
200,-5000,-20000,7.80E+10
200,-5000,-15000,7.80E+10
200,-5000,-10000,7.80E+10
200,-5000,-5000,7.80E+10
200,-5000,0,7.80E+10
200,-5000,5000,7.80E+10
200,-5000,10000,7.80E+10
200,-5000,15000,7.80E+10
200,-5000,20000,7.80E+10
200,0,-25000,7.80E+10
200,0,-20000,7.80E+10
200,0,-15000,7.80E+10
200,0,-10000,7.80E+10
200,0,-5000,7.80E+10
200,0,0,7.80E+10
200,0,5000,7.80E+10
200,0,10000,7.80E+10
200,0,15000,7.80E+10
200,0,20000,7.80E+10
200,5000,-25000,7.80E+10
200,5000,-20000,7.80E+10
200,5000,-15000,7.80E+10
200,5000,-10000,7.80E+10
200,5000,-5000,7.80E+10
200,5000,0,7.80E+10
200,5000,10000,7.80E+10
200,5000,15000,7.80E+10
200,5000,20000,7.80E+10
170,-20000,-25000,7.80E+10
170,-20000,-20000,7.80E+10
170,-20000,-15000,7.80E+10
170,-20000,-10000,7.80E+10
170,-20000,-5000,7.80E+10
170,-20000,0,7.80E+10
170,-20000,5000,7.80E+10
170,-20000,10000,7.80E+10
170,-20000,15000,7.80E+10
170,-20000,20000,7.80E+10
170,-15000,-25000,7.80E+10
170,-15000,-20000,7.80E+10
170,-15000,-15000,7.80E+10
170,-15000,-10000,7.80E+10
170,-15000,-5000,7.80E+10
170,-15000,0,7.80E+10
170,-15000,5000,7.80E+10
170,-15000,10000,7.80E+10
170,-15000,15000,7.80E+10
170,-15000,20000,7.80E+10
170,-10000,-25000,7.80E+10
170,-10000,-20000,7.80E+10
170,-10000,-15000,7.80E+10
170,-10000,-10000,7.80E+10
170,-10000,-5000,7.80E+10
170,-10000,0,7.80E+10
170,-10000,5000,7.80E+10
170,-10000,10000,7.80E+10
170,-10000,15000,7.80E+10
170,-10000,20000,7.80E+10
170,-5000,-25000,7.80E+10
170,-5000,-20000,7.80E+10
170,-5000,-15000,7.80E+10
170,-5000,-10000,7.80E+10
170,-5000,-5000,7.80E+10
170,-5000,0,7.80E+10
170,-5000,5000,7.80E+10
170,-5000,10000,7.80E+10
170,-5000,15000,7.80E+10
170,-5000,20000,7.80E+10
170,0,-25000,7.80E+10
170,0,-20000,7.80E+10
170,0,-15000,7.80E+10
170,0,-10000,7.80E+10
170,0,-5000,7.80E+10
170,0,0,7.80E+10
170,0,5000,7.80E+10
170,0,10000,7.80E+10
170,0,15000,7.80E+10
170,0,20000,7.80E+10
170,5000,-25000,7.80E+10
170,5000,-20000,7.80E+10
170,5000,-15000,7.80E+10
170,5000,-10000,7.80E+10
170,5000,-5000,7.80E+10
170,5000,5000,7.80E+10
170,5000,10000,7.80E+10
170,5000,15000,7.80E+10
170,5000,20000,7.80E+10
190,-20000,-25000,7.80E+10
190,-20000,-20000,7.80E+10
190,-20000,-15000,7.80E+10
190,-20000,-10000,7.80E+10
190,-20000,-5000,7.80E+10
190,-20000,0,7.80E+10
190,-20000,5000,7.80E+10
190,-20000,10000,7.80E+10
190,-20000,15000,7.80E+10
190,-20000,20000,7.80E+10
190,-15000,-25000,7.80E+10
190,-15000,-20000,7.80E+10
190,-15000,-15000,7.80E+10
190,-15000,-10000,7.80E+10
190,-15000,-5000,7.80E+10
190,-15000,0,7.80E+10
190,-15000,5000,7.80E+10
190,-15000,10000,7.80E+10
190,-15000,15000,7.80E+10
190,-15000,20000,7.80E+10
190,-10000,-25000,7.80E+10
190,-10000,-20000,7.80E+10
190,-10000,-15000,7.80E+10
190,-10000,-10000,7.80E+10
190,-10000,-5000,7.80E+10
190,-10000,0,7.80E+10
190,-10000,5000,7.80E+10
190,-10000,10000,7.80E+10
190,-10000,15000,7.80E+10
190,-10000,20000,7.80E+10
190,-5000,-25000,7.80E+10
190,-5000,-20000,7.80E+10
190,-5000,-15000,7.80E+10
190,-5000,-10000,7.80E+10
190,-5000,-5000,7.80E+10
190,-5000,0,7.80E+10
190,-5000,5000,7.80E+10
190,-5000,10000,7.80E+10
190,-5000,15000,7.80E+10
190,-5000,20000,7.80E+10
190,0,-25000,7.80E+10
190,0,-20000,7.80E+10
190,0,-15000,7.80E+10
190,0,-10000,7.80E+10
190,0,-5000,7.80E+10
190,0,0,7.80E+10
190,0,5000,7.80E+10
190,0,10000,7.80E+10
190,0,15000,7.80E+10
190,0,20000,7.80E+10
190,5000,-25000,7.80E+10
190,5000,-20000,7.80E+10
190,5000,-15000,7.80E+10
190,5000,-10000,7.80E+10
190,5000,-5000,7.80E+10
190,5000,0,7.80E+10
190,5000,5000,7.80E+10
190,5000,10000,7.80E+10
190,5000,15000,7.80E+10
190,5000,20000,7.80E+10
180,-20000,-25000,7.80E+10
180,-20000,-20000,7.80E+10
180,-20000,-15000,7.80E+10
180,-20000,-10000,7.80E+10
180,-20000,-5000,7.80E+10
180,-20000,0,7.80E+10
180,-20000,5000,7.80E+10
180,-20000,10000,7.80E+10
180,-20000,15000,7.80E+10
180,-20000,20000,7.80E+10
180,-15000,-25000,7.80E+10
180,-15000,-20000,7.80E+10
180,-15000,-15000,7.80E+10
180,-15000,-10000,7.80E+10
180,-15000,-5000,7.80E+10
180,-15000,0,7.80E+10
180,-15000,5000,7.80E+10
180,-15000,10000,7.80E+10
180,-15000,15000,7.80E+10
180,-15000,20000,7.80E+10
180,-10000,-25000,7.80E+10
180,-10000,-20000,7.80E+10
180,-10000,-15000,7.80E+10
180,-10000,-10000,7.80E+10
180,-10000,-5000,7.80E+10
180,-10000,0,7.80E+10
180,-10000,5000,7.80E+10
180,-10000,10000,7.80E+10
180,-10000,15000,7.80E+10
180,-10000,20000,7.80E+10
180,-5000,-25000,7.80E+10
180,-5000,-20000,7.80E+10
180,-5000,-15000,7.80E+10
180,-5000,-10000,7.80E+10
180,-5000,-5000,7.80E+10
180,-5000,0,7.80E+10
180,-5000,5000,7.80E+10
180,-5000,10000,7.80E+10
180,-5000,15000,7.80E+10
180,-5000,20000,7.80E+10
180,0,-25000,7.80E+10
180,0,-20000,7.80E+10
180,0,-15000,7.80E+10
180,0,-10000,7.80E+10
180,0,-5000,7.80E+10
180,0,0,7.80E+10
180,0,5000,7.80E+10
180,0,10000,7.80E+10
180,0,15000,7.80E+10
180,0,20000,7.80E+10
180,5000,-25000,7.80E+10
180,5000,-20000,7.80E+10
180,5000,-15000,7.80E+10
180,5000,-10000,7.80E+10
180,5000,-5000,7.80E+10
180,5000,0,7.80E+10
180,5000,5000,7.80E+10
180,5000,10000,7.80E+10
180,5000,15000,7.80E+10
180,5000,20000,7.80E+10
